feature_id,water,wet,bs,pv,npv,pc_missing,date
r1dw7x0g7,0.0,0.2424242424242424,0.0548484848484848,0.553939393939394,0.1381818181818181,0.0,1986-08-15T23:55:34Z
r1dw7x0g7,,,,,,1.0,1987-05-30T23:58:10Z
r1dw7x0g7,0.0,0.0909090909090909,0.0072727272727272,0.6748484848484847,0.2142424242424242,0.0,1987-09-20T00:00:55Z
r1dw7x0g7,0.0,0.0,0.12,0.69,0.18,0.9696969696969696,1987-10-06T00:01:15Z
r1dw7x0g7,0.0,0.0,0.0036363636363636,0.723030303030303,0.2593939393939394,0.0,1987-11-07T00:01:51Z
r1dw7x0g7,0.0,0.0,0.0481818181818181,0.5763636363636363,0.3581818181818182,0.0,1987-11-23T00:02:10Z
r1dw7x0g7,0.0,0.0,0.0,0.0821212121212121,0.8936363636363637,0.0,1987-12-25T00:02:39Z
r1dw7x0g7,0.0,0.0,0.0524242424242424,0.4266666666666667,0.5078787878787879,0.0,1988-01-10T00:02:55Z
r1dw7x0g7,0.0,0.0,0.0718181818181818,0.4145454545454546,0.5024242424242423,0.0,1988-01-26T00:03:13Z
r1dw7x0g7,0.0,0.0,0.1139393939393939,0.3906060606060605,0.4815151515151515,0.0,1988-02-11T00:03:31Z
r1dw7x0g7,,,,,,1.0,1988-05-17T00:04:21Z
r1dw7x0g7,0.0,0.0,0.0106060606060606,0.6648484848484848,0.3112121212121212,0.0,1988-06-02T00:04:27Z
r1dw7x0g7,0.0,0.0,0.0127272727272727,0.709090909090909,0.2618181818181818,0.0,1988-08-05T00:04:41Z
r1dw7x0g7,0.0,0.1111111111111111,0.0055555555555555,0.64,0.2311111111111111,0.7272727272727273,1988-08-21T00:04:42Z
r1dw7x0g7,0.0,0.0,0.0142424242424242,0.7521212121212121,0.2181818181818182,0.0,1988-09-06T00:04:45Z
r1dw7x0g7,0.0,0.0,0.14375,0.6675,0.17875,0.7575757575757576,1988-09-22T00:04:40Z
r1dw7x0g7,0.0,0.0,0.1161290322580645,0.6961290322580644,0.1696774193548387,0.0606060606060605,1988-10-08T00:04:35Z
r1dw7x0g7,0.0,0.4782608695652174,0.0013043478260869,0.4304347826086956,0.0826086956521739,0.303030303030303,1988-10-24T00:04:30Z
r1dw7x0g7,0.0,0.0,0.0935294117647058,0.6647058823529411,0.2229411764705882,0.4848484848484848,1988-11-09T00:04:33Z
r1dw7x0g7,0.0,0.0,0.0566666666666666,0.4009090909090909,0.5299999999999999,0.0,1989-01-28T00:03:56Z
r1dw7x0g7,0.0,0.0,0.0848484848484848,0.3618181818181817,0.5412121212121211,0.0,1989-03-01T00:03:44Z
r1dw7x0g7,,,,,,1.0,1989-03-17T00:03:06Z
r1dw7x0g7,0.0,0.0,0.066060606060606,0.3978787878787879,0.5242424242424242,0.0,1989-04-02T00:02:59Z
r1dw7x0g7,0.0,0.0,0.0366666666666666,0.7287878787878788,0.2209090909090909,0.0,1989-05-20T00:02:22Z
r1dw7x0g7,0.0,0.0,0.0036363636363636,0.7696969696969698,0.2136363636363636,0.0,1989-11-11T23:58:18Z
r1dw7x0g7,0.0,0.0,0.0151515151515151,0.6878787878787879,0.2815151515151515,0.0,1989-11-27T23:57:54Z
r1dw7x0g7,0.0,0.0,0.0669696969696969,0.4415151515151514,0.4775757575757575,0.0,1989-12-29T23:56:58Z
r1dw7x0g7,0.0,0.0,0.0633333333333333,0.4081818181818182,0.5166666666666666,0.0,1990-04-04T23:53:59Z
r1dw7x0g7,0.0,0.0,0.108,0.3975000000000001,0.4800000000000001,0.3939393939393939,1990-05-06T23:54:08Z
r1dw7x0g7,0.0,0.0,0.0218181818181818,0.6524242424242425,0.3166666666666667,0.0,1990-06-07T23:54:08Z
r1dw7x0g7,0.0,1.0,0.0,0.0,0.0,0.5151515151515151,1990-07-09T23:54:05Z
r1dw7x0g7,0.0,0.0909090909090909,0.0096969696969696,0.6693939393939394,0.2169696969696969,0.0,1990-07-25T23:54:01Z
r1dw7x0g7,,,,,,1.0,1990-08-26T23:53:51Z
r1dw7x0g7,,,,,,1.0,1990-09-27T23:53:39Z
r1dw7x0g7,0.0,0.0,0.0077272727272727,0.6572727272727272,0.3181818181818182,0.3333333333333333,1990-11-14T23:53:26Z
r1dw7x0g7,,,,,,1.0,1990-12-16T23:53:24Z
r1dw7x0g7,0.0,0.0,0.0721212121212121,0.3772727272727273,0.5390909090909092,0.0,1991-01-17T23:54:17Z
r1dw7x0g7,0.0,0.0,0.0578787878787878,0.3878787878787879,0.5442424242424242,0.0,1991-02-02T23:54:29Z
r1dw7x0g7,0.0,0.0,0.095,0.21625,0.68,0.7575757575757576,1991-02-18T23:54:51Z
r1dw7x0g7,0.0,0.0,0.0496969696969697,0.3990909090909091,0.5406060606060608,0.0,1991-03-06T23:55:08Z
r1dw7x0g7,0.0,0.0,0.0536363636363636,0.4148484848484849,0.5199999999999999,0.0,1991-03-22T23:55:31Z
r1dw7x0g7,0.0,0.0,0.0293939393939393,0.4887878787878787,0.47,0.0,1991-04-07T23:55:44Z
r1dw7x0g7,,,,,,1.0,1991-04-23T23:55:59Z
r1dw7x0g7,,,,,,1.0,1991-05-09T23:56:18Z
r1dw7x0g7,0.0,0.0,0.57,0.3375,0.0875,0.8787878787878788,1991-06-10T23:56:45Z
r1dw7x0g7,0.0,0.3333333333333333,0.0454545454545454,0.4484848484848485,0.1645454545454545,0.0,1991-07-12T23:57:11Z
r1dw7x0g7,1.0,0.0,0.0,0.0,0.0,0.9696969696969696,1991-07-28T23:57:26Z
r1dw7x0g7,0.0,0.6666666666666666,0.0516666666666666,0.2116666666666666,0.0666666666666666,0.8181818181818181,1991-08-13T23:57:28Z
r1dw7x0g7,0.0,0.0,0.0269696969696969,0.6918181818181818,0.2657575757575757,0.0,1991-08-29T23:57:37Z
r1dw7x0g7,,,,,,1.0,1991-09-30T23:57:56Z
r1dw7x0g7,,,,,,1.0,1991-11-01T23:58:06Z
r1dw7x0g7,0.0,0.0,0.0642424242424242,0.5563636363636364,0.3648484848484848,0.0,1991-11-17T23:58:09Z
r1dw7x0g7,,,,,,1.0,1991-12-03T23:58:24Z
r1dw7x0g7,0.0,0.0,0.0609677419354838,0.332258064516129,0.5967741935483871,0.0606060606060605,1992-01-04T23:58:13Z
r1dw7x0g7,,,,,,1.0,1992-02-21T23:57:43Z
r1dw7x0g7,,,,,,1.0,1992-03-08T23:58:08Z
r1dw7x0g7,0.0,0.0,0.1661538461538461,0.6969230769230769,0.1223076923076923,0.6060606060606061,1992-04-09T23:57:55Z
r1dw7x0g7,0.0,0.0606060606060606,0.0254545454545454,0.6772727272727274,0.2251515151515151,0.0,1992-05-11T23:57:40Z
r1dw7x0g7,0.0,0.0606060606060606,0.0448484848484848,0.6748484848484848,0.2084848484848485,0.0,1992-05-27T23:57:32Z
r1dw7x0g7,,,,,,1.0,1992-06-12T23:57:21Z
r1dw7x0g7,0.0,0.0606060606060606,0.0315151515151515,0.6527272727272727,0.2418181818181818,0.0,1992-06-28T23:57:10Z
r1dw7x0g7,0.0,0.0,0.0263636363636363,0.7293939393939394,0.229090909090909,0.0,1992-07-14T23:56:58Z
r1dw7x0g7,0.0,1.0,0.0,0.0,0.0,0.696969696969697,1992-07-30T23:56:45Z
r1dw7x0g7,0.0,0.0,0.0084848484848484,0.7306060606060606,0.2442424242424242,0.0,1992-08-15T23:56:30Z
r1dw7x0g7,,,,,,1.0,1992-08-31T23:56:15Z
r1dw7x0g7,,,,,,1.0,1992-09-16T23:56:01Z
r1dw7x0g7,,,,,,1.0,1992-10-18T23:55:26Z
r1dw7x0g7,,,,,,1.0,1992-11-03T23:55:12Z
r1dw7x0g7,,,,,,1.0,1992-12-21T23:55:19Z
r1dw7x0g7,,,,,,1.0,1993-01-22T23:55:41Z
r1dw7x0g7,,,,,,1.0,1993-02-07T23:55:52Z
r1dw7x0g7,0.0,0.0,0.0378787878787878,0.5072727272727271,0.4412121212121211,0.0,1993-02-23T23:55:55Z
r1dw7x0g7,0.0,0.0,0.0418181818181818,0.5342424242424242,0.4115151515151515,0.0,1993-03-11T23:56:07Z
r1dw7x0g7,,,,,,1.0,1993-05-14T23:56:26Z
r1dw7x0g7,,,,,,1.0,1993-05-30T23:56:30Z
r1dw7x0g7,0.0,0.0909090909090909,0.0145454545454545,0.6066666666666668,0.2751515151515151,0.0,1993-06-15T23:56:28Z
r1dw7x0g7,,,,,,1.0,1993-07-01T23:56:20Z
r1dw7x0g7,0.0,0.0,0.1248484848484848,0.6254545454545455,0.2348484848484848,0.0,1993-07-17T23:56:21Z
r1dw7x0g7,0.0,1.0,0.0,0.0,0.0,0.303030303030303,1993-08-02T23:56:20Z
r1dw7x0g7,0.0,0.0303030303030303,0.0109090909090909,0.7281818181818183,0.2187878787878788,0.0,1993-09-03T23:56:19Z
r1dw7x0g7,0.0,0.696969696969697,0.0021212121212121,0.2512121212121212,0.0439393939393939,0.0,1993-09-19T23:56:16Z
r1dw7x0g7,0.0,0.3333333333333333,0.0163636363636363,0.506969696969697,0.1333333333333333,0.0,1993-10-05T23:56:13Z
r1dw7x0g7,0.0,0.0,0.003030303030303,0.7806060606060606,0.2006060606060606,0.0,1993-10-21T23:56:05Z
r1dw7x0g7,,,,,,1.0,1993-11-06T23:55:59Z
r1dw7x0g7,0.0,0.0,0.0172727272727272,0.6369696969696969,0.3306060606060607,0.0,1993-11-22T23:55:51Z
r1dw7x0g7,0.0,0.0,0.053030303030303,0.4790909090909091,0.4496969696969697,0.0,1993-12-08T23:55:48Z
r1dw7x0g7,0.0,0.0,0.0545833333333333,0.3908333333333333,0.5429166666666667,0.2727272727272727,1994-01-09T23:55:26Z
r1dw7x0g7,0.0,0.0,0.1742857142857143,0.3478571428571428,0.4649999999999999,0.5757575757575757,1994-01-25T23:55:13Z
r1dw7x0g7,,,,,,1.0,1994-02-26T23:54:48Z
r1dw7x0g7,0.0,0.0,0.0563636363636363,0.4306060606060606,0.500909090909091,0.0,1994-03-14T23:54:34Z
r1dw7x0g7,,,,,,1.0,1994-04-15T23:54:00Z
r1dw7x0g7,,,,,,1.0,1994-05-01T23:53:44Z
r1dw7x0g7,,,,,,1.0,1994-06-02T23:53:09Z
r1dw7x0g7,0.0,0.0,0.1657575757575757,0.5800000000000001,0.2396969696969697,0.0,1994-06-18T23:52:47Z
r1dw7x0g7,0.0,0.1212121212121212,0.0151515151515151,0.5987878787878789,0.2527272727272727,0.0,1994-07-20T23:51:56Z
r1dw7x0g7,,,,,,1.0,1994-08-21T23:51:07Z
r1dw7x0g7,,,,,,1.0,1994-09-06T23:50:44Z
r1dw7x0g7,0.0,0.0,0.0169696969696969,0.7506060606060606,0.2172727272727272,0.0,1994-09-22T23:50:18Z
r1dw7x0g7,0.0,0.0,0.0669696969696969,0.6606060606060606,0.2572727272727272,0.0,1994-10-24T23:49:17Z
r1dw7x0g7,0.0,0.0,0.009090909090909,0.7063636363636363,0.2703030303030302,0.0,1994-11-09T23:48:43Z
r1dw7x0g7,0.0,0.0,0.0181818181818181,0.600909090909091,0.3672727272727273,0.0,1994-11-25T23:48:11Z
r1dw7x0g7,,,,,,1.0,1994-12-11T23:47:43Z
r1dw7x0g7,0.0,0.0,0.0566666666666666,0.3772727272727273,0.5533333333333332,0.0,1995-01-12T23:46:38Z
r1dw7x0g7,0.0,0.0,0.0421212121212121,0.403030303030303,0.5436363636363636,0.0,1995-02-13T23:45:20Z
r1dw7x0g7,,,,,,1.0,1995-03-17T23:44:04Z
r1dw7x0g7,0.0,0.0,0.1115151515151515,0.3769696969696969,0.4981818181818182,0.0,1995-04-02T23:43:25Z
r1dw7x0g7,0.0,0.0,0.03,0.5493939393939393,0.4066666666666667,0.0,1995-04-18T23:42:45Z
r1dw7x0g7,,,,,,1.0,1995-05-04T23:42:02Z
r1dw7x0g7,,,,,,1.0,1995-05-20T23:41:19Z
r1dw7x0g7,,,,,,1.0,1995-06-21T23:39:50Z
r1dw7x0g7,0.0,0.0909090909090909,0.0136363636363636,0.6669696969696969,0.2172727272727272,0.0,1995-07-07T23:39:06Z
r1dw7x0g7,0.0,0.2424242424242424,0.0215151515151515,0.5709090909090908,0.1545454545454545,0.0,1995-07-23T23:38:24Z
r1dw7x0g7,0.0,0.0303030303030303,0.0009090909090909,0.6978787878787878,0.2590909090909091,0.0,1995-08-08T23:37:41Z
r1dw7x0g7,0.0,0.0,0.35,0.55,0.09,0.9696969696969696,1995-09-09T23:36:10Z
r1dw7x0g7,0.0,0.0,0.0024242424242424,0.7890909090909091,0.1942424242424242,0.0,1995-09-25T23:35:21Z
r1dw7x0g7,0.0,0.0,0.0054545454545454,0.7830303030303032,0.1990909090909091,0.0,1995-10-11T23:34:30Z
r1dw7x0g7,0.0,0.0,0.0621212121212121,0.4596969696969697,0.4639393939393939,0.0,1995-12-14T23:34:59Z
r1dw7x0g7,0.0,0.0,0.0512121212121212,0.4087878787878788,0.5296969696969696,0.0,1996-02-16T23:39:30Z
r1dw7x0g7,0.0,0.0,0.0466666666666666,0.4369696969696969,0.5057575757575759,0.0,1996-03-03T23:40:34Z
r1dw7x0g7,0.0,0.0,0.0618181818181818,0.4645454545454545,0.4639393939393939,0.0,1996-04-04T23:42:37Z
r1dw7x0g7,0.0,0.0,0.0369696969696969,0.6021212121212121,0.3454545454545454,0.0,1996-04-20T23:43:36Z
r1dw7x0g7,0.0,1.0,0.0,0.0,0.0,0.6060606060606061,1996-07-25T23:48:54Z
r1dw7x0g7,0.0,0.0,0.0409090909090909,0.6854545454545454,0.2584848484848485,0.0,1997-07-29T00:04:53Z
r1dw7x0g7,,,,,,1.0,1997-08-14T00:05:24Z
r1dw7x0g7,0.0,0.0,0.0051515151515151,0.7590909090909093,0.2218181818181818,0.0,1997-10-01T00:06:49Z
r1dw7x0g7,0.0,0.0,0.0654545454545454,0.44,0.4809090909090909,0.0,1998-01-05T00:09:13Z
r1dw7x0g7,0.0,0.0,0.0684848484848484,0.4172727272727272,0.5006060606060607,0.0,1998-01-21T00:09:33Z
r1dw7x0g7,0.0,0.0,0.0903030303030303,0.3442424242424243,0.5515151515151515,0.0,1998-02-06T00:09:54Z
r1dw7x0g7,,,,,,1.0,1998-02-22T00:10:12Z
r1dw7x0g7,0.0,0.0,0.0524242424242424,0.419090909090909,0.5172727272727273,0.0,1998-03-10T00:10:28Z
r1dw7x0g7,0.0,0.0,0.0066666666666666,0.7603030303030304,0.22,0.0,1998-05-13T00:11:21Z
r1dw7x0g7,0.0,0.0,0.1436363636363636,0.6772727272727272,0.1654545454545454,0.0,1998-06-14T00:11:49Z
r1dw7x0g7,0.0,0.2424242424242424,0.0072727272727272,0.5842424242424242,0.1548484848484848,0.0,1998-06-30T00:12:00Z
r1dw7x0g7,0.0,0.0,0.0145454545454545,0.6927272727272729,0.2809090909090909,0.0,1998-07-16T00:12:12Z
r1dw7x0g7,,,,,,1.0,1998-08-17T00:12:26Z
r1dw7x0g7,0.0,0.0,0.0096969696969696,0.763030303030303,0.2124242424242424,0.0,1998-09-02T00:12:37Z
r1dw7x0g7,,,,,,1.0,1998-09-18T00:12:44Z
r1dw7x0g7,0.0,0.0,0.0971428571428571,0.4792857142857142,0.4071428571428571,0.5757575757575757,1998-12-07T00:12:55Z
r1dw7x0g7,0.0,0.0,0.07,0.3633333333333333,0.5551515151515151,0.0,1999-02-09T00:13:08Z
r1dw7x0g7,0.0,0.0,0.1190322580645161,0.3793548387096774,0.4893548387096774,0.0606060606060605,1999-03-13T00:13:00Z
r1dw7x0g7,0.0,0.0,0.0272727272727272,0.5630303030303031,0.3957575757575757,0.0,1999-03-29T00:12:42Z
r1dw7x0g7,,,,,,1.0,1999-04-14T00:12:41Z
r1dw7x0g7,0.0,0.0,0.045,0.565,0.38,0.8787878787878788,1999-04-30T00:12:39Z
r1dw7x0g7,0.0,0.0,0.0206060606060606,0.6042424242424241,0.3624242424242423,0.0,1999-05-16T00:12:25Z
r1dw7x0g7,0.0,0.0,0.0115151515151515,0.716969696969697,0.2593939393939394,0.0,1999-07-27T00:26:48Z
r1dw7x0g7,0.0,0.0,0.0024242424242424,0.6936363636363635,0.2957575757575758,0.0,1999-08-04T00:11:40Z
r1dw7x0g7,0.0,0.0,0.0169696969696969,0.745151515151515,0.2227272727272727,0.0,1999-09-05T00:11:00Z
r1dw7x0g7,,,,,,1.0,1999-09-29T00:26:58Z
r1dw7x0g7,0.0,0.0,0.0221212121212121,0.7893939393939393,0.1724242424242424,0.0,1999-10-15T00:26:56Z
r1dw7x0g7,0.0,0.3636363636363636,0.0772727272727272,0.4509090909090909,0.0981818181818181,0.6666666666666667,1999-10-23T00:10:03Z
r1dw7x0g7,0.0,0.3636363636363636,0.0772727272727272,0.4509090909090909,0.0981818181818181,0.6666666666666667,1999-10-23T00:10:27Z
r1dw7x0g7,,,,,,1.0,1999-10-31T00:26:50Z
r1dw7x0g7,0.0,0.0,0.1326923076923077,0.6361538461538461,0.2165384615384615,0.2121212121212121,1999-11-08T00:09:56Z
r1dw7x0g7,0.0,0.0,0.2599999999999999,0.4633333333333334,0.2633333333333333,0.8181818181818181,1999-11-24T00:09:20Z
r1dw7x0g7,,,,,,1.0,1999-12-02T00:26:45Z
r1dw7x0g7,0.0,0.0,0.054,0.4965,0.433,0.3939393939393939,1999-12-18T00:26:54Z
r1dw7x0g7,0.0,0.0,0.0675757575757575,0.4312121212121212,0.486969696969697,0.0,2000-01-03T00:26:46Z
r1dw7x0g7,0.0,0.0,0.0712121212121212,0.373030303030303,0.5409090909090909,0.0,2000-01-19T00:26:43Z
r1dw7x0g7,,,,,,1.0,2000-02-04T00:26:44Z
r1dw7x0g7,,,,,,1.0,2000-03-07T00:26:31Z
r1dw7x0g7,0.0,0.0,0.0157575757575757,0.6315151515151515,0.3384848484848485,0.0,2000-04-08T00:26:22Z
r1dw7x0g7,0.0,0.0,0.0081818181818181,0.7118181818181819,0.2675757575757576,0.0,2000-04-24T00:26:16Z
r1dw7x0g7,0.0,0.0,0.0115151515151515,0.7087878787878789,0.2675757575757576,0.0,2000-05-10T00:26:04Z
r1dw7x0g7,0.0,0.1515151515151515,0.0057575757575757,0.6087878787878788,0.2233333333333333,0.0,2000-06-27T00:25:39Z
r1dw7x0g7,,,,,,1.0,2000-07-29T00:25:08Z
r1dw7x0g7,0.0,0.6666666666666666,0.0791666666666666,0.1575,0.0916666666666666,0.6363636363636364,2000-08-14T00:25:02Z
r1dw7x0g7,0.0,0.0,0.2477777777777777,0.5788888888888889,0.1644444444444444,0.7272727272727273,2000-08-30T00:24:51Z
r1dw7x0g7,0.0,0.0,0.0078787878787878,0.7715151515151515,0.2066666666666666,0.0,2000-09-15T00:24:33Z
r1dw7x0g7,,,,,,1.0,2000-10-01T00:24:24Z
r1dw7x0g7,,,,,,1.0,2000-11-02T00:24:19Z
r1dw7x0g7,0.0,0.0,0.0115151515151515,0.7878787878787878,0.1878787878787878,0.0,2000-11-18T00:24:17Z
r1dw7x0g7,0.0,0.0,0.0254545454545454,0.5603030303030303,0.3984848484848484,0.0,2000-12-04T00:24:17Z
r1dw7x0g7,0.0,0.0,0.0596969696969696,0.443030303030303,0.4833333333333333,0.0,2000-12-20T00:24:22Z
r1dw7x0g7,,,,,,1.0,2001-01-05T00:24:22Z
r1dw7x0g7,,,,,,1.0,2001-01-21T00:24:28Z
r1dw7x0g7,,,,,,1.0,2001-02-06T00:24:21Z
r1dw7x0g7,0.0,0.0,0.0736363636363636,0.3987878787878787,0.5151515151515151,0.0,2001-02-22T00:24:20Z
r1dw7x0g7,0.0,0.6666666666666666,0.02,0.1966666666666666,0.11,0.9090909090909092,2001-03-26T00:24:07Z
r1dw7x0g7,,,,,,1.0,2001-04-11T00:24:03Z
r1dw7x0g7,0.0,0.0,0.1477272727272727,0.5745454545454547,0.2627272727272727,0.3333333333333333,2001-04-27T00:24:01Z
r1dw7x0g7,0.0,0.0,0.0995238095238095,0.6352380952380953,0.2514285714285714,0.3636363636363636,2001-05-13T00:23:52Z
r1dw7x0g7,,,,,,1.0,2001-06-14T00:23:33Z
r1dw7x0g7,0.0,0.1212121212121212,0.0112121212121212,0.6212121212121213,0.2363636363636363,0.0,2001-06-30T00:23:18Z
r1dw7x0g7,0.0,0.5454545454545454,0.0036363636363636,0.35,0.0948484848484848,0.0,2001-07-16T00:23:18Z
r1dw7x0g7,,,,,,1.0,2001-09-02T00:22:36Z
r1dw7x0g7,0.0,0.0,0.0075757575757575,0.7757575757575758,0.2024242424242424,0.0,2001-09-18T00:22:24Z
r1dw7x0g7,0.0,0.0,0.285,0.6699999999999999,0.035,0.9393939393939394,2001-10-04T00:22:12Z
r1dw7x0g7,0.0,0.0,0.0136363636363636,0.7518181818181819,0.2209090909090909,0.0,2001-10-20T00:22:15Z
r1dw7x0g7,0.0,0.0,0.24,0.69,0.06,0.9696969696969696,2001-11-21T00:22:28Z
r1dw7x0g7,0.0,0.0,0.0118181818181818,0.5812121212121213,0.3924242424242424,0.0,2001-12-23T00:22:38Z
r1dw7x0g7,,,,,,1.0,2002-01-08T00:22:41Z
r1dw7x0g7,0.0,0.0,0.0621212121212121,0.44,0.483939393939394,0.0,2002-01-24T00:22:49Z
r1dw7x0g7,0.0,0.0,0.0596969696969697,0.423030303030303,0.5057575757575759,0.0,2002-02-25T00:22:53Z
r1dw7x0g7,,,,,,1.0,2002-03-13T00:22:51Z
r1dw7x0g7,,,,,,1.0,2002-03-29T00:22:45Z
r1dw7x0g7,0.0,0.0,0.1218181818181818,0.4139393939393939,0.4499999999999999,0.0,2002-04-30T00:22:47Z
r1dw7x0g7,0.0,0.0,0.0578787878787878,0.4927272727272728,0.4345454545454545,0.0,2002-05-16T00:22:40Z
r1dw7x0g7,0.0,0.0357142857142857,0.0228571428571428,0.584642857142857,0.3421428571428571,0.1515151515151515,2002-06-01T00:22:34Z
r1dw7x0g7,,,,,,1.0,2002-08-04T00:22:09Z
r1dw7x0g7,,,,,,1.0,2002-08-20T00:22:05Z
r1dw7x0g7,0.0,0.0,0.1373076923076923,0.6523076923076924,0.1953846153846153,0.2121212121212121,2002-09-05T00:21:56Z
r1dw7x0g7,,,,,,1.0,2002-09-21T00:21:43Z
r1dw7x0g7,0.0,0.0,0.0103030303030303,0.7481818181818181,0.226060606060606,0.0,2002-10-07T00:21:39Z
r1dw7x0g7,0.0,0.0,0.0087878787878787,0.6815151515151516,0.2951515151515151,0.0,2002-11-08T00:21:50Z
r1dw7x0g7,,,,,,1.0,2002-11-24T00:22:07Z
r1dw7x0g7,,,,,,1.0,2002-12-10T00:22:11Z
r1dw7x0g7,0.0,0.0,0.0736363636363636,0.3878787878787878,0.5239393939393939,0.0,2002-12-26T00:22:18Z
r1dw7x0g7,0.0,0.0,0.0981818181818181,0.3509090909090909,0.5384848484848485,0.0,2003-01-27T00:22:27Z
r1dw7x0g7,,,,,,1.0,2003-02-28T00:22:38Z
r1dw7x0g7,0.0,0.0,0.0118181818181818,0.5784848484848485,0.4027272727272727,0.0,2003-04-17T00:22:42Z
r1dw7x0g7,0.0,0.0,0.2647826086956522,0.5660869565217391,0.1530434782608695,0.303030303030303,2003-05-03T00:22:43Z
r1dw7x0g7,0.0,0.0,0.0148484848484848,0.643030303030303,0.3324242424242424,0.0,2003-07-14T00:10:20Z
r1dw7x0g7,,,,,,1.0,2003-07-22T00:22:29Z
r1dw7x0g7,,,,,,1.0,2003-07-30T00:10:38Z
r1dw7x0g7,0.0,0.0,0.1984615384615384,0.5723076923076923,0.2161538461538461,0.6060606060606061,2003-08-07T00:22:20Z
r1dw7x0g7,0.0,0.2222222222222222,0.1683333333333333,0.4572222222222222,0.1427777777777777,0.4545454545454546,2003-08-15T00:10:53Z
r1dw7x0g7,0.0,0.6,0.123,0.225,0.049,0.696969696969697,2003-08-31T00:11:11Z
r1dw7x0g7,0.0,0.0,0.0123809523809523,0.7876190476190476,0.1852380952380952,0.3636363636363636,2003-09-16T00:11:28Z
r1dw7x0g7,,,,,,1.0,2003-09-24T00:22:08Z
r1dw7x0g7,0.0,1.0,0.0,0.0,0.0,0.4545454545454546,2003-10-10T00:21:59Z
r1dw7x0g7,0.0,0.0,0.0018181818181818,0.8015151515151514,0.1824242424242424,0.0,2003-10-18T00:11:53Z
r1dw7x0g7,0.0,0.0,0.0057575757575757,0.7754545454545454,0.2066666666666666,0.0,2003-11-03T00:11:58Z
r1dw7x0g7,0.0,0.2727272727272727,0.0121212121212121,0.553030303030303,0.1536363636363636,0.0,2003-11-11T00:22:28Z
r1dw7x0g7,0.0,0.0,0.0012121212121212,0.796969696969697,0.1875757575757575,0.0,2003-11-19T00:12:19Z
r1dw7x0g7,0.0,0.0,0.0142424242424242,0.7112121212121212,0.2615151515151515,0.0,2003-11-27T00:22:37Z
r1dw7x0g7,0.0,0.5,0.087,0.217,0.188,0.3939393939393939,2003-12-13T00:22:43Z
r1dw7x0g7,0.0,0.0,0.2319999999999999,0.4019999999999999,0.352,0.8484848484848485,2004-01-14T00:22:52Z
r1dw7x0g7,0.0,0.0,0.0651515151515151,0.4233333333333333,0.4996969696969696,0.0,2004-02-07T00:12:27Z
r1dw7x0g7,0.0,0.0,0.0651515151515151,0.4233333333333333,0.4996969696969696,0.0,2004-02-07T00:12:50Z
r1dw7x0g7,0.0,0.0,0.0439393939393939,0.4381818181818182,0.5057575757575759,0.0,2004-02-15T00:23:04Z
r1dw7x0g7,,,,,,1.0,2004-02-23T00:12:56Z
r1dw7x0g7,0.0,0.0,0.0451515151515151,0.4387878787878788,0.506969696969697,0.0,2004-03-02T00:23:06Z
r1dw7x0g7,0.0,0.0,0.045,0.4463333333333333,0.5003333333333334,0.0909090909090909,2004-03-18T00:23:13Z
r1dw7x0g7,0.0,0.0,0.0566666666666666,0.4112121212121212,0.520909090909091,0.0,2004-03-26T00:13:03Z
r1dw7x0g7,,,,,,1.0,2004-04-03T00:23:13Z
r1dw7x0g7,,,,,,1.0,2004-05-13T00:14:26Z
r1dw7x0g7,0.0,0.0344827586206896,0.0203448275862069,0.5634482758620689,0.3696551724137931,0.1212121212121212,2004-05-21T00:23:08Z
r1dw7x0g7,0.0,0.0606060606060606,0.03,0.5609090909090909,0.3360606060606061,0.0,2004-05-29T00:14:53Z
r1dw7x0g7,0.0,0.0,0.0325,0.6015625,0.3515625,0.0303030303030302,2004-06-06T00:23:03Z
r1dw7x0g7,0.0,0.0303030303030303,0.0206060606060606,0.6042424242424242,0.3324242424242424,0.0,2004-06-14T00:15:22Z
r1dw7x0g7,,,,,,1.0,2004-07-24T00:22:52Z
r1dw7x0g7,,,,,,1.0,2004-08-01T00:16:37Z
r1dw7x0g7,0.0,0.0,0.0254545454545454,0.7096969696969697,0.2496969696969697,0.0,2004-08-17T00:17:00Z
r1dw7x0g7,0.0,0.0,0.0817857142857142,0.6835714285714286,0.2175,0.1515151515151515,2004-08-25T00:22:43Z
r1dw7x0g7,,,,,,1.0,2004-09-02T00:17:26Z
r1dw7x0g7,0.0,0.0,0.27,0.66,0.07,0.9696969696969696,2004-09-10T00:22:37Z
r1dw7x0g7,0.0,0.0,0.0051515151515151,0.7584848484848485,0.2212121212121212,0.0,2004-09-26T00:22:33Z
r1dw7x0g7,0.0,0.0,0.0072,0.7444,0.2336,0.2424242424242424,2004-10-12T00:22:30Z
r1dw7x0g7,0.0,0.0,0.0618181818181818,0.6381818181818182,0.283939393939394,0.0,2004-10-20T00:18:33Z
r1dw7x0g7,,,,,,1.0,2004-11-13T00:22:53Z
r1dw7x0g7,0.0,0.0,0.0869696969696969,0.5751515151515153,0.3227272727272727,0.0,2004-11-21T00:19:05Z
r1dw7x0g7,0.0,0.0,0.05,0.498076923076923,0.4384615384615384,0.2121212121212121,2004-12-15T00:23:09Z
r1dw7x0g7,,,,,,1.0,2004-12-23T00:19:46Z
r1dw7x0g7,0.0,0.0,0.0622222222222222,0.4081481481481481,0.5144444444444444,0.1818181818181817,2004-12-31T00:23:18Z
r1dw7x0g7,0.0,0.0,0.076060606060606,0.3718181818181818,0.54,0.0,2005-01-08T00:19:58Z
r1dw7x0g7,,,,,,1.0,2005-01-16T00:23:21Z
r1dw7x0g7,0.0,0.0,0.0681818181818181,0.3736363636363636,0.5469696969696969,0.0,2005-01-24T00:20:11Z
r1dw7x0g7,0.0,0.0,0.0266666666666666,0.4969696969696969,0.4654545454545454,0.0,2005-02-17T00:23:34Z
r1dw7x0g7,,,,,,1.0,2005-02-25T00:20:41Z
r1dw7x0g7,0.0,0.0,0.0466666666666666,0.4615151515151515,0.4787878787878787,0.0,2005-03-05T00:23:38Z
r1dw7x0g7,0.0,0.0,0.0333333333333333,0.4166666666666667,0.5393939393939394,0.0,2005-03-13T00:20:53Z
r1dw7x0g7,0.0,0.0,0.103,0.4145,0.4695,0.3939393939393939,2005-03-21T00:23:39Z
r1dw7x0g7,0.0,0.0,0.0533333333333333,0.4360606060606061,0.5012121212121212,0.0,2005-04-06T00:23:35Z
r1dw7x0g7,,,,,,1.0,2005-04-14T00:21:04Z
r1dw7x0g7,0.0,0.0,0.0544,0.4572,0.4775999999999999,0.2424242424242424,2005-04-22T00:23:29Z
r1dw7x0g7,,,,,,1.0,2005-04-30T00:21:09Z
r1dw7x0g7,0.0,0.0,0.051,0.4833333333333334,0.4533333333333333,0.0909090909090909,2005-05-08T00:23:34Z
r1dw7x0g7,0.0,0.0,0.1706451612903226,0.3006451612903226,0.5158064516129033,0.0606060606060605,2005-05-16T00:21:15Z
r1dw7x0g7,0.0,0.0,0.0407407407407407,0.4977777777777777,0.4544444444444444,0.1818181818181817,2005-05-24T00:23:33Z
r1dw7x0g7,,,,,,1.0,2005-06-01T00:21:24Z
r1dw7x0g7,0.0,0.0,0.0361538461538461,0.5292307692307692,0.4234615384615384,0.2121212121212121,2005-06-09T00:23:27Z
r1dw7x0g7,,,,,,1.0,2005-06-17T00:21:31Z
r1dw7x0g7,,,,,,1.0,2005-06-25T00:23:22Z
r1dw7x0g7,,,,,,1.0,2005-07-03T00:21:34Z
r1dw7x0g7,0.0,0.0,0.013030303030303,0.6421212121212122,0.3321212121212121,0.0,2005-07-19T00:21:44Z
r1dw7x0g7,,,,,,1.0,2005-07-27T00:23:22Z
r1dw7x0g7,0.0,0.0,0.0783333333333333,0.7033333333333333,0.2033333333333333,0.8181818181818181,2005-08-04T00:21:54Z
r1dw7x0g7,0.0,0.0,0.2446666666666666,0.688,0.054,0.5454545454545454,2005-08-12T00:23:18Z
r1dw7x0g7,0.5882352941176471,0.4117647058823529,0.0,0.0,0.0,0.4848484848484848,2005-08-20T00:22:00Z
r1dw7x0g7,0.0,1.0,0.0,0.0,0.0,0.7575757575757576,2005-08-28T00:23:11Z
r1dw7x0g7,0.0,0.0,0.0148484848484848,0.6966666666666667,0.2754545454545454,0.0,2005-09-05T00:22:05Z
r1dw7x0g7,0.0,0.0,0.0063636363636363,0.7804545454545455,0.1986363636363636,0.3333333333333333,2005-09-13T00:23:01Z
r1dw7x0g7,0.0,0.0,0.0121212121212121,0.719090909090909,0.2542424242424242,0.0,2005-09-21T00:22:05Z
r1dw7x0g7,0.0,0.3636363636363636,0.1563636363636363,0.3818181818181818,0.0918181818181818,0.6666666666666667,2005-09-29T00:23:01Z
r1dw7x0g7,0.0,0.0,0.0151515151515151,0.7666666666666666,0.2033333333333333,0.0,2005-10-15T00:23:04Z
r1dw7x0g7,0.0,0.0,0.0218518518518518,0.7788888888888889,0.1848148148148148,0.1818181818181817,2005-10-31T00:23:17Z
r1dw7x0g7,0.0,0.0,0.0178125,0.7396874999999999,0.2284375,0.0303030303030302,2005-11-16T00:23:27Z
r1dw7x0g7,,,,,,1.0,2005-11-24T00:22:33Z
r1dw7x0g7,,,,,,1.0,2005-12-02T00:23:32Z
r1dw7x0g7,0.0,0.0,0.0642424242424242,0.426060606060606,0.4963636363636363,0.0,2006-01-19T00:23:52Z
r1dw7x0g7,,,,,,1.0,2006-02-04T00:23:58Z
r1dw7x0g7,0.0,0.0,0.0378787878787878,0.4515151515151515,0.4975757575757575,0.0,2006-02-12T00:24:25Z
r1dw7x0g7,0.0,0.0,0.033030303030303,0.4939393939393939,0.4609090909090909,0.0,2006-02-28T00:24:45Z
r1dw7x0g7,0.0,0.0,0.036,0.489,0.4623333333333333,0.0909090909090909,2006-03-08T00:24:03Z
r1dw7x0g7,0.0,0.0,0.0324242424242424,0.4966666666666667,0.4612121212121212,0.0,2006-03-24T00:24:02Z
r1dw7x0g7,0.0,0.0,0.02375,0.6031249999999999,0.36,0.0303030303030302,2006-04-09T00:24:00Z
r1dw7x0g7,0.0,0.0,0.0509090909090909,0.6621212121212121,0.2721212121212121,0.0,2006-05-03T00:25:55Z
r1dw7x0g7,0.0,0.0,0.0,0.88,0.11,0.9696969696969696,2006-05-11T00:24:01Z
r1dw7x0g7,0.0,0.0,0.043030303030303,0.6739393939393938,0.2681818181818182,0.0,2006-05-19T00:26:07Z
r1dw7x0g7,0.0,0.0,0.004,0.7200000000000001,0.2623333333333333,0.0909090909090909,2006-05-27T00:24:01Z
r1dw7x0g7,,,,,,1.0,2006-06-04T00:26:22Z
r1dw7x0g7,,,,,,1.0,2006-06-20T00:26:36Z
r1dw7x0g7,0.0,0.0,0.0415151515151515,0.6551515151515152,0.2878787878787879,0.0,2006-06-28T00:23:52Z
r1dw7x0g7,,,,,,1.0,2006-07-06T00:26:51Z
r1dw7x0g7,,,,,,1.0,2006-07-22T00:27:04Z
r1dw7x0g7,,,,,,1.0,2006-07-30T00:23:38Z
r1dw7x0g7,0.0,0.0,0.0021212121212121,0.7636363636363637,0.2227272727272727,0.0,2006-08-07T00:27:16Z
r1dw7x0g7,0.0,0.0,0.0121212121212121,0.7481818181818182,0.2299999999999999,0.0,2006-08-15T00:23:37Z
r1dw7x0g7,0.0,0.0,0.0132,0.7776000000000001,0.1956,0.2424242424242424,2006-08-31T00:23:34Z
r1dw7x0g7,,,,,,1.0,2006-09-08T00:27:40Z
r1dw7x0g7,0.0,0.0,0.0036363636363636,0.770909090909091,0.2115151515151515,0.0,2006-09-16T00:23:29Z
r1dw7x0g7,0.0,0.0303030303030303,0.0063636363636363,0.7403030303030302,0.2075757575757575,0.0,2006-09-24T00:27:52Z
r1dw7x0g7,0.0,0.0,0.0078787878787878,0.7390909090909091,0.2384848484848484,0.0,2006-10-02T00:23:22Z
r1dw7x0g7,0.0,0.0,0.0775757575757575,0.6148484848484849,0.2915151515151515,0.0,2006-10-10T00:28:02Z
r1dw7x0g7,,,,,,1.0,2006-10-26T00:28:11Z
r1dw7x0g7,,,,,,1.0,2006-11-19T00:23:55Z
r1dw7x0g7,0.0,0.0,0.0845454545454545,0.4054545454545454,0.4978787878787878,0.0,2006-11-27T00:28:29Z
r1dw7x0g7,0.0,0.0,0.0896969696969697,0.3757575757575758,0.5209090909090909,0.0,2006-12-05T00:24:04Z
r1dw7x0g7,,,,,,1.0,2006-12-13T00:28:37Z
r1dw7x0g7,0.0,0.0,0.1115151515151515,0.2918181818181818,0.5857575757575757,0.0,2006-12-29T00:28:44Z
r1dw7x0g7,,,,,,1.0,2007-01-06T00:24:10Z
r1dw7x0g7,,,,,,1.0,2007-01-14T00:28:50Z
r1dw7x0g7,0.0,0.0,0.0693939393939394,0.3554545454545454,0.5636363636363637,0.0,2007-01-30T00:28:54Z
r1dw7x0g7,,,,,,1.0,2007-02-07T00:24:20Z
r1dw7x0g7,0.0,0.0,0.0609090909090909,0.3639393939393939,0.563939393939394,0.0,2007-02-15T00:28:56Z
r1dw7x0g7,0.0,0.0,0.13,0.3493939393939393,0.5099999999999999,0.0,2007-02-23T00:24:25Z
r1dw7x0g7,0.0,0.0,0.0645454545454545,0.3221212121212121,0.6018181818181819,0.0,2007-03-03T00:28:55Z
r1dw7x0g7,0.0,0.0,0.05,0.3766666666666666,0.563939393939394,0.0,2007-03-19T00:28:52Z
r1dw7x0g7,0.0,0.0,0.0342424242424242,0.453030303030303,0.5057575757575757,0.0,2007-03-27T00:24:29Z
r1dw7x0g7,0.0,0.0,0.0378787878787878,0.4321212121212121,0.5187878787878787,0.0,2007-04-04T00:28:49Z
r1dw7x0g7,0.0,0.0,0.0384848484848484,0.4645454545454545,0.4909090909090909,0.0,2007-04-12T00:24:28Z
r1dw7x0g7,,,,,,1.0,2007-04-20T00:28:43Z
r1dw7x0g7,,,,,,1.0,2007-05-06T00:28:35Z
r1dw7x0g7,0.0,0.0,0.375,0.4599999999999999,0.155,0.9393939393939394,2007-05-22T00:28:24Z
r1dw7x0g7,,,,,,1.0,2007-05-30T00:24:12Z
r1dw7x0g7,0.0,0.0303030303030303,0.0142424242424242,0.7081818181818182,0.2369696969696969,0.0,2007-06-15T00:24:13Z
r1dw7x0g7,0.0,0.0,0.0093939393939393,0.743030303030303,0.2351515151515151,0.0,2007-06-23T00:27:51Z
r1dw7x0g7,,,,,,1.0,2007-07-01T00:24:11Z
r1dw7x0g7,0.0,0.0,0.0163636363636363,0.6793939393939394,0.2936363636363637,0.0,2007-07-17T00:24:09Z
r1dw7x0g7,0.0,0.0303030303030303,0.0684848484848485,0.6321212121212121,0.2554545454545455,0.0,2007-07-25T00:27:32Z
r1dw7x0g7,,,,,,1.0,2007-08-02T00:24:04Z
r1dw7x0g7,0.0,0.0,0.0115151515151515,0.7324242424242424,0.2442424242424242,0.0,2007-08-10T00:27:23Z
r1dw7x0g7,0.0,0.0,0.0081818181818181,0.7406060606060606,0.2390909090909091,0.0,2007-08-18T00:23:58Z
r1dw7x0g7,0.0,0.0,0.0106060606060606,0.7018181818181818,0.2733333333333333,0.0,2007-08-26T00:27:13Z
r1dw7x0g7,0.0,0.0,0.0518518518518518,0.6803703703703704,0.254074074074074,0.1818181818181817,2007-09-03T00:23:51Z
r1dw7x0g7,0.0,0.303030303030303,0.0254545454545454,0.4833333333333333,0.1769696969696969,0.0,2007-09-19T00:23:45Z
r1dw7x0g7,,,,,,1.0,2007-09-27T00:26:56Z
r1dw7x0g7,,,,,,1.0,2007-10-05T00:23:36Z
r1dw7x0g7,,,,,,1.0,2007-10-21T00:23:48Z
r1dw7x0g7,0.0,0.25,0.115,0.4599999999999999,0.1674999999999999,0.8787878787878788,2007-11-06T00:23:59Z
r1dw7x0g7,0.0,0.0,0.1015151515151515,0.635151515151515,0.2472727272727272,0.0,2007-11-22T00:24:07Z
r1dw7x0g7,0.0,0.0,0.0520689655172413,0.5003448275862069,0.4341379310344827,0.1212121212121212,2007-12-08T00:24:13Z
r1dw7x0g7,0.0,0.0,0.0866666666666666,0.4281818181818181,0.4724242424242423,0.0,2008-01-09T00:24:18Z
r1dw7x0g7,,,,,,1.0,2008-01-17T00:25:03Z
r1dw7x0g7,0.0,0.0,0.0661290322580645,0.4325806451612904,0.4909677419354838,0.0606060606060605,2008-01-25T00:24:18Z
r1dw7x0g7,0.0,0.0,0.0684848484848485,0.4224242424242424,0.4984848484848486,0.0,2008-02-02T00:24:46Z
r1dw7x0g7,0.0,0.0,0.10625,0.24625,0.6375,0.7575757575757576,2008-02-10T00:24:15Z
r1dw7x0g7,0.0,0.0,0.0663636363636363,0.396060606060606,0.5236363636363637,0.0,2008-02-18T00:24:29Z
r1dw7x0g7,0.0,0.0,0.0554545454545454,0.4227272727272728,0.5093939393939394,0.0,2008-02-26T00:24:10Z
r1dw7x0g7,0.0,0.0,0.0551515151515151,0.4184848484848485,0.5139393939393939,0.0,2008-03-05T00:24:11Z
r1dw7x0g7,0.0,0.0,0.077,0.4059999999999999,0.504,0.0909090909090909,2008-03-13T00:24:05Z
r1dw7x0g7,,,,,,1.0,2008-03-29T00:24:06Z
r1dw7x0g7,,,,,,1.0,2008-04-14T00:24:05Z
r1dw7x0g7,0.0,0.0,0.0112121212121212,0.6954545454545455,0.2827272727272727,0.0,2008-06-01T00:23:49Z
r1dw7x0g7,0.0,0.0,0.0866666666666666,0.7109090909090909,0.1878787878787879,0.0,2008-07-03T00:23:30Z
r1dw7x0g7,,,,,,1.0,2008-08-04T00:23:11Z
r1dw7x0g7,0.0,0.0,0.0057692307692307,0.7469230769230768,0.2326923076923077,0.2121212121212121,2008-09-05T00:22:57Z
r1dw7x0g7,0.0,0.0,0.014375,0.74875,0.2234375,0.0303030303030302,2008-09-21T00:22:48Z
r1dw7x0g7,,,,,,1.0,2008-09-29T00:18:34Z
r1dw7x0g7,,,,,,1.0,2008-11-16T00:17:15Z
r1dw7x0g7,0.0,0.0,0.053030303030303,0.4984848484848486,0.4336363636363636,0.0,2008-11-24T00:23:13Z
r1dw7x0g7,,,,,,1.0,2008-12-02T00:17:47Z
r1dw7x0g7,0.0,0.0,0.1711111111111111,0.3333333333333333,0.4838888888888889,0.4545454545454546,2008-12-10T00:23:23Z
r1dw7x0g7,0.0,0.0,0.1795454545454545,0.3286363636363636,0.4813636363636364,0.3333333333333333,2008-12-18T00:18:16Z
r1dw7x0g7,,,,,,1.0,2008-12-26T00:23:32Z
r1dw7x0g7,0.0,0.0,0.0703030303030303,0.4145454545454546,0.5042424242424243,0.0,2009-01-03T00:18:41Z
r1dw7x0g7,0.0,0.0,0.0521212121212121,0.4263636363636364,0.5115151515151515,0.0,2009-01-11T00:23:38Z
r1dw7x0g7,0.0,0.0,0.0693939393939393,0.3827272727272727,0.5387878787878787,0.0,2009-01-19T00:19:07Z
r1dw7x0g7,0.0,0.0,0.0681818181818181,0.3893939393939394,0.5321212121212122,0.0,2009-01-27T00:23:42Z
r1dw7x0g7,0.0,0.0,0.0827272727272727,0.3721212121212121,0.5327272727272727,0.0,2009-02-04T00:19:32Z
r1dw7x0g7,,,,,,1.0,2009-02-12T00:23:49Z
r1dw7x0g7,0.0,0.0,0.0924242424242424,0.383030303030303,0.5136363636363637,0.0,2009-02-28T00:23:59Z
r1dw7x0g7,0.0,0.0,0.0703030303030303,0.3742424242424242,0.546060606060606,0.0,2009-03-08T00:20:20Z
r1dw7x0g7,0.0,0.0,0.0536363636363636,0.416969696969697,0.5178787878787877,0.0,2009-04-01T00:24:13Z
r1dw7x0g7,0.0,0.0,0.04,0.4372727272727273,0.5127272727272727,0.0,2009-04-09T00:21:02Z
r1dw7x0g7,0.0,0.0,0.0212121212121212,0.5557575757575758,0.4136363636363636,0.0,2009-05-03T00:24:22Z
r1dw7x0g7,0.0,0.0,0.0303030303030303,0.6306060606060605,0.326969696969697,0.0,2009-05-11T00:21:38Z
r1dw7x0g7,,,,,,1.0,2009-05-19T00:24:23Z
r1dw7x0g7,,,,,,1.0,2009-06-04T00:24:23Z
r1dw7x0g7,,,,,,1.0,2009-06-20T00:24:22Z
r1dw7x0g7,,,,,,1.0,2009-07-06T00:24:19Z
r1dw7x0g7,0.0,0.0606060606060606,0.0157575757575757,0.7021212121212121,0.2106060606060605,0.0,2009-08-07T00:24:09Z
r1dw7x0g7,0.0,0.0,0.0164285714285714,0.7682142857142856,0.2007142857142857,0.1515151515151515,2009-08-23T00:24:07Z
r1dw7x0g7,,,,,,1.0,2009-08-31T00:23:30Z
r1dw7x0g7,0.0,0.2424242424242424,0.1027272727272727,0.5357575757575757,0.1103030303030303,0.0,2009-09-24T00:24:05Z
r1dw7x0g7,0.0,0.0,0.0182758620689655,0.7413793103448277,0.2282758620689655,0.1212121212121212,2009-10-10T00:24:00Z
r1dw7x0g7,0.0,0.6363636363636364,0.0175757575757575,0.2409090909090908,0.0993939393939394,0.0,2009-10-18T00:24:05Z
r1dw7x0g7,0.0,0.0,0.03,0.78,0.17,0.9696969696969696,2009-10-26T00:24:16Z
r1dw7x0g7,0.0,0.0,0.0136363636363636,0.6654545454545455,0.3051515151515152,0.0,2009-11-11T00:24:30Z
r1dw7x0g7,0.0,0.0,0.0596969696969696,0.5154545454545454,0.4090909090909091,0.0,2009-11-19T00:24:20Z
r1dw7x0g7,,,,,,1.0,2009-11-27T00:24:42Z
r1dw7x0g7,0.0,0.0,0.0727272727272727,0.4472727272727273,0.4669696969696969,0.0,2009-12-29T00:25:11Z
r1dw7x0g7,,,,,,1.0,2010-01-14T00:25:27Z
r1dw7x0g7,0.0,0.0,0.0651515151515151,0.4345454545454545,0.4887878787878787,0.0,2010-01-30T00:25:40Z
r1dw7x0g7,0.0,0.0,0.0699999999999999,0.4221212121212121,0.4960606060606061,0.0,2010-02-07T00:24:50Z
r1dw7x0g7,0.0,0.0,0.0736363636363636,0.4112121212121212,0.503030303030303,0.0,2010-02-23T00:24:53Z
r1dw7x0g7,0.0,0.0,0.0526666666666666,0.4126666666666666,0.525,0.0909090909090909,2010-03-03T00:26:00Z
r1dw7x0g7,0.0,0.0,0.0442424242424242,0.4478787878787878,0.4975757575757576,0.0,2010-04-04T00:26:09Z
r1dw7x0g7,0.0,0.0,0.0225,0.6009375,0.363125,0.0303030303030302,2010-05-06T00:26:07Z
r1dw7x0g7,0.0,0.0,0.0175757575757575,0.5706060606060606,0.4015151515151515,0.0,2010-05-22T00:26:03Z
r1dw7x0g7,0.0,0.1071428571428571,0.0064285714285714,0.6385714285714287,0.2378571428571428,0.1515151515151515,2010-06-23T00:26:07Z
r1dw7x0g7,,,,,,1.0,2010-07-09T00:26:10Z
r1dw7x0g7,0.0,0.03125,0.0046875,0.7181249999999999,0.235,0.0303030303030302,2010-07-25T00:26:10Z
r1dw7x0g7,0.0,0.0666666666666666,0.0276666666666666,0.6616666666666667,0.2316666666666667,0.0909090909090909,2010-08-10T00:26:09Z
r1dw7x0g7,,,,,,1.0,2010-08-26T00:26:13Z
r1dw7x0g7,0.0,0.0,0.2136666666666666,0.6769999999999999,0.095,0.0909090909090909,2010-10-05T00:24:00Z
r1dw7x0g7,0.0,0.0,0.0075757575757575,0.7436363636363637,0.2351515151515151,0.0,2010-10-21T00:23:51Z
r1dw7x0g7,0.0,0.0,0.0192857142857142,0.6825,0.2832142857142857,0.1515151515151515,2010-11-14T00:26:39Z
r1dw7x0g7,0.0,0.0,0.03,0.5960606060606061,0.3603030303030303,0.0,2010-11-22T00:23:45Z
r1dw7x0g7,0.0,0.0,0.0022222222222222,0.5311111111111111,0.4566666666666667,0.7272727272727273,2010-12-08T00:23:45Z
r1dw7x0g7,0.0,0.0,0.1766666666666666,0.4961904761904762,0.3128571428571428,0.3636363636363636,2010-12-16T00:26:59Z
r1dw7x0g7,0.0,0.0,0.0451515151515151,0.5051515151515154,0.4363636363636363,0.0,2010-12-24T00:23:50Z
r1dw7x0g7,0.0,0.0,0.0975757575757575,0.5115151515151515,0.3754545454545455,0.0,2011-01-01T00:27:07Z
r1dw7x0g7,0.0,0.0,0.0996969696969697,0.4369696969696969,0.45,0.0,2011-01-09T00:23:53Z
r1dw7x0g7,,,,,,1.0,2011-01-17T00:27:15Z
r1dw7x0g7,0.0,0.0,0.04,0.4678787878787878,0.4796969696969696,0.0,2011-01-25T00:23:53Z
r1dw7x0g7,0.0,0.0,0.06,0.443030303030303,0.4836363636363636,0.0,2011-02-02T00:27:21Z
r1dw7x0g7,0.0,0.0,0.0278787878787878,0.5348484848484848,0.4269696969696969,0.0,2011-03-06T00:27:30Z
r1dw7x0g7,0.0,0.0,0.0207407407407407,0.6614814814814814,0.3062962962962963,0.1818181818181817,2011-04-07T00:27:35Z
r1dw7x0g7,0.0,0.0,0.0215151515151515,0.6427272727272727,0.3221212121212121,0.0,2011-04-15T00:23:41Z
r1dw7x0g7,,,,,,1.0,2011-04-23T00:27:33Z
r1dw7x0g7,,,,,,1.0,2011-05-09T00:27:33Z
r1dw7x0g7,,,,,,1.0,2011-05-25T00:27:32Z
r1dw7x0g7,0.0,0.04,0.0204,0.6636,0.2632,0.2424242424242424,2011-06-26T00:27:29Z
r1dw7x0g7,0.0,0.0303030303030303,0.0012121212121212,0.6854545454545455,0.2721212121212122,0.0,2011-07-28T00:27:26Z
r1dw7x0g7,,,,,,1.0,2011-08-13T00:27:22Z
r1dw7x0g7,,,,,,1.0,2011-08-29T00:27:19Z
r1dw7x0g7,0.0,0.0,0.0145454545454545,0.7096969696969697,0.2618181818181818,0.0,2011-09-06T00:22:35Z
r1dw7x0g7,0.0,0.0,0.0366666666666666,0.7385185185185185,0.207037037037037,0.1818181818181817,2011-09-14T00:27:13Z
r1dw7x0g7,0.0,0.0,0.0136363636363636,0.7096969696969696,0.2621212121212121,0.0,2011-09-22T00:22:21Z
r1dw7x0g7,0.0,1.0,0.0,0.0,0.0,0.9090909090909092,2011-09-30T00:27:12Z
r1dw7x0g7,,,,,,1.0,2011-10-16T00:27:14Z
r1dw7x0g7,0.0,0.1333333333333333,0.0553333333333333,0.5693333333333334,0.2276666666666666,0.0909090909090909,2011-11-01T00:27:18Z
r1dw7x0g7,0.0,0.0,0.0303030303030303,0.6309090909090909,0.3242424242424242,0.0,2011-11-09T00:21:35Z
r1dw7x0g7,,,,,,1.0,2011-12-03T00:27:42Z
r1dw7x0g7,0.0,1.0,0.0,0.0,0.0,0.9090909090909092,2011-12-19T00:27:49Z
r1dw7x0g7,,,,,,1.0,2012-01-04T00:27:58Z
r1dw7x0g7,,,,,,1.0,2012-01-20T00:27:58Z
r1dw7x0g7,,,,,,1.0,2012-02-05T00:28:02Z
r1dw7x0g7,,,,,,1.0,2012-02-21T00:28:05Z
r1dw7x0g7,0.0,0.0,0.0615151515151515,0.4084848484848485,0.5212121212121211,0.0,2012-03-08T00:28:02Z
r1dw7x0g7,0.0,0.9166666666666666,0.0091666666666666,0.0458333333333333,0.0275,0.6363636363636364,2012-04-25T00:28:15Z
r1dw7x0g7,0.0,0.0,0.0257575757575757,0.635151515151515,0.3251515151515152,0.0,2012-05-11T00:28:37Z
r1dw7x0g7,0.0,0.03125,0.0896875,0.6165625,0.2493749999999999,0.0303030303030302,2012-05-27T00:28:29Z
r1dw7x0g7,0.0,1.0,0.0,0.0,0.0,0.1212121212121212,2012-06-28T00:28:28Z
r1dw7x0g7,0.0,1.0,0.0,0.0,0.0,0.9696969696969696,2012-07-30T00:28:52Z
r1dw7x0g7,,,,,,1.0,2012-08-15T00:29:05Z
r1dw7x0g7,,,,,,1.0,2012-09-16T00:29:23Z
r1dw7x0g7,0.0,0.0,0.0118181818181818,0.7157575757575758,0.2581818181818182,0.0,2012-10-02T00:29:34Z
r1dw7x0g7,,,,,,1.0,2012-11-03T00:29:47Z
r1dw7x0g7,0.0,0.0,0.033030303030303,0.5909090909090909,0.3612121212121212,0.0,2012-11-19T00:29:56Z
r1dw7x0g7,0.0,0.0,0.0824242424242424,0.4163636363636363,0.4884848484848485,0.0,2012-12-21T00:30:05Z
r1dw7x0g7,0.0,0.0,0.0936363636363636,0.3933333333333333,0.4993939393939393,0.0,2013-01-06T00:30:07Z
r1dw7x0g7,0.0,0.0,0.0866666666666666,0.38,0.52,0.0,2013-01-22T00:30:08Z
r1dw7x0g7,0.0,0.0,0.0807142857142857,0.3775,0.5292857142857142,0.1515151515151515,2013-02-07T00:30:10Z
r1dw7x0g7,0.0,0.0,0.0706060606060606,0.3872727272727272,0.5303030303030304,0.0,2013-02-23T00:30:07Z
r1dw7x0g7,0.0,0.0,0.0642424242424242,0.3945454545454545,0.5296969696969696,0.0,2013-03-11T00:30:05Z
r1dw7x0g7,,,,,,1.0,2013-04-20T00:35:45Z
r1dw7x0g7,0.0,0.0,0.1232258064516129,0.4270967741935483,0.4387096774193548,0.0606060606060605,2013-04-28T00:29:52Z
r1dw7x0g7,,,,,,1.0,2013-06-15T00:29:37Z
r1dw7x0g7,,,,,,1.0,2013-07-01T00:29:29Z
r1dw7x0g7,,,,,,1.0,2013-07-09T00:35:32Z
r1dw7x0g7,,,,,,1.0,2013-07-09T00:35:56Z
r1dw7x0g7,0.0,1.0,0.0,0.0,0.0,0.1818181818181817,2013-07-17T00:29:19Z
r1dw7x0g7,,,,,,1.0,2013-07-25T00:35:31Z
r1dw7x0g7,,,,,,1.0,2013-07-25T00:35:55Z
r1dw7x0g7,0.0,0.0,0.0081818181818181,0.7133333333333333,0.2666666666666666,0.0,2013-08-02T00:29:12Z
r1dw7x0g7,0.0,0.0,0.0454545454545454,0.7136363636363636,0.2196969696969697,0.0,2013-08-10T00:35:34Z
r1dw7x0g7,0.0,0.0,0.0454545454545454,0.7136363636363636,0.2196969696969697,0.0,2013-08-10T00:35:58Z
r1dw7x0g7,,,,,,1.0,2013-08-26T00:35:36Z
r1dw7x0g7,,,,,,1.0,2013-08-26T00:36:00Z
r1dw7x0g7,,,,,,1.0,2013-09-03T00:29:27Z
r1dw7x0g7,0.0,0.0,0.37,0.58,0.03,0.9696969696969696,2013-09-11T00:35:33Z
r1dw7x0g7,0.0,0.0,0.37,0.58,0.03,0.9696969696969696,2013-09-11T00:35:57Z
r1dw7x0g7,0.0,0.0,0.0148484848484848,0.7175757575757575,0.2542424242424242,0.0,2013-09-19T00:29:38Z
r1dw7x0g7,,,,,,1.0,2013-09-27T00:35:25Z
r1dw7x0g7,,,,,,1.0,2013-09-27T00:35:49Z
r1dw7x0g7,0.0,0.0,0.0299999999999999,0.7333333333333333,0.2206666666666666,0.5454545454545454,2013-10-05T00:29:49Z
r1dw7x0g7,,,,,,1.0,2013-10-13T00:35:25Z
r1dw7x0g7,,,,,,1.0,2013-10-13T00:35:49Z
r1dw7x0g7,,,,,,1.0,2013-10-29T00:35:16Z
r1dw7x0g7,,,,,,1.0,2013-10-29T00:35:40Z
r1dw7x0g7,0.0,0.0,0.0137931034482758,0.6531034482758621,0.3186206896551724,0.1212121212121212,2013-11-06T00:30:05Z
r1dw7x0g7,,,,,,1.0,2013-11-14T00:35:16Z
r1dw7x0g7,,,,,,1.0,2013-11-14T00:35:40Z
r1dw7x0g7,,,,,,1.0,2013-11-22T00:30:09Z
r1dw7x0g7,0.0,0.0,0.0772727272727272,0.5509090909090909,0.3542424242424242,0.0,2013-11-30T00:35:10Z
r1dw7x0g7,0.0,0.0,0.0772727272727272,0.5509090909090909,0.3542424242424242,0.0,2013-11-30T00:35:34Z
r1dw7x0g7,0.0,0.0,0.0866666666666666,0.4857575757575758,0.412121212121212,0.0,2013-12-16T00:35:05Z
r1dw7x0g7,0.0,0.0,0.0866666666666666,0.4857575757575758,0.412121212121212,0.0,2013-12-16T00:35:29Z
r1dw7x0g7,0.0,0.0,0.0659259259259259,0.4244444444444444,0.4966666666666667,0.1818181818181817,2013-12-24T00:30:20Z
r1dw7x0g7,0.0,0.0,0.0612,0.4168,0.5116,0.2424242424242424,2014-01-09T00:30:23Z
r1dw7x0g7,,,,,,1.0,2014-01-17T00:34:42Z
r1dw7x0g7,,,,,,1.0,2014-01-17T00:35:06Z
r1dw7x0g7,0.0,0.0,0.1087499999999999,0.38375,0.49875,0.7575757575757576,2014-01-25T00:30:43Z
r1dw7x0g7,0.0,0.0,0.1283333333333333,0.3611111111111111,0.4972222222222222,0.4545454545454546,2014-02-02T00:34:36Z
r1dw7x0g7,0.0,0.0,0.1283333333333333,0.3611111111111111,0.4972222222222222,0.4545454545454546,2014-02-02T00:35:00Z
r1dw7x0g7,0.0,0.0,0.08875,0.39375,0.5046875,0.0303030303030302,2014-02-10T00:30:48Z
r1dw7x0g7,0.0,0.0,0.0987878787878787,0.4403030303030303,0.4478787878787879,0.0,2014-02-18T00:34:22Z
r1dw7x0g7,0.0,0.0,0.0987878787878787,0.4403030303030303,0.4478787878787879,0.0,2014-02-18T00:34:46Z
r1dw7x0g7,0.0,0.0,0.1873333333333333,0.3493333333333333,0.4493333333333333,0.5454545454545454,2014-02-26T00:30:40Z
r1dw7x0g7,0.0,0.0,0.0744444444444444,0.3177777777777778,0.5944444444444444,0.7272727272727273,2014-03-06T00:34:07Z
r1dw7x0g7,0.0,0.0,0.0744444444444444,0.3177777777777778,0.5944444444444444,0.7272727272727273,2014-03-06T00:34:31Z
r1dw7x0g7,,,,,,1.0,2014-03-14T00:30:48Z
r1dw7x0g7,0.0,0.0,0.2346153846153846,0.4226923076923077,0.3249999999999999,0.2121212121212121,2014-03-22T00:33:57Z
r1dw7x0g7,0.0,0.0,0.2346153846153846,0.4226923076923077,0.3249999999999999,0.2121212121212121,2014-03-22T00:34:20Z
r1dw7x0g7,0.0,0.0,0.0246875,0.5240625,0.44125,0.0303030303030302,2014-03-30T00:30:55Z
r1dw7x0g7,0.0,0.0909090909090909,0.0266666666666666,0.4803030303030303,0.3912121212121212,0.0,2014-04-15T00:31:01Z
r1dw7x0g7,0.0,0.0,0.3981481481481481,0.3737037037037037,0.2122222222222222,0.1818181818181817,2014-04-23T00:33:25Z
r1dw7x0g7,0.0,0.0,0.3981481481481481,0.3737037037037037,0.2122222222222222,0.1818181818181817,2014-04-23T00:33:49Z
r1dw7x0g7,,,,,,1.0,2014-05-01T00:31:10Z
r1dw7x0g7,,,,,,1.0,2014-05-17T00:31:17Z
r1dw7x0g7,,,,,,1.0,2014-05-25T00:33:04Z
r1dw7x0g7,0.0,0.0909090909090909,0.0536363636363636,0.6233333333333333,0.2151515151515151,0.0,2014-06-10T00:33:14Z
r1dw7x0g7,0.0,0.0606060606060606,0.0566666666666666,0.6439393939393939,0.2212121212121212,0.0,2014-06-10T00:33:38Z
r1dw7x0g7,0.0,0.0909090909090909,0.0081818181818181,0.6866666666666666,0.2036363636363636,0.0,2014-06-18T00:31:21Z
r1dw7x0g7,,,,,,1.0,2014-06-26T00:33:16Z
r1dw7x0g7,,,,,,1.0,2014-06-26T00:33:40Z
r1dw7x0g7,,,,,,1.0,2014-07-04T00:31:28Z
r1dw7x0g7,0.0,0.4242424242424242,0.0218181818181818,0.4439393939393939,0.099090909090909,0.0,2014-07-12T00:33:25Z
r1dw7x0g7,0.0,0.4242424242424242,0.0218181818181818,0.4439393939393939,0.099090909090909,0.0,2014-07-12T00:33:49Z
r1dw7x0g7,0.0,0.0,0.0157575757575757,0.6896969696969697,0.2803030303030303,0.0,2014-07-20T00:31:30Z
r1dw7x0g7,0.0,0.0,0.5483333333333333,0.4333333333333333,0.0133333333333333,0.6363636363636364,2014-07-28T00:33:52Z
r1dw7x0g7,0.0,0.0,0.0051515151515151,0.709090909090909,0.2736363636363636,0.0,2014-08-05T00:31:36Z
r1dw7x0g7,,,,,,1.0,2014-08-13T00:33:36Z
r1dw7x0g7,,,,,,1.0,2014-08-13T00:34:00Z
r1dw7x0g7,0.0,0.0,0.003076923076923,0.6950000000000001,0.2903846153846153,0.2121212121212121,2014-08-21T00:31:35Z
r1dw7x0g7,0.0,0.0,0.0484848484848484,0.6815151515151515,0.2496969696969697,0.0,2014-08-29T00:33:37Z
r1dw7x0g7,0.0,0.0,0.0484848484848484,0.6815151515151515,0.2496969696969697,0.0,2014-08-29T00:34:01Z
r1dw7x0g7,0.0,0.0,0.0045454545454545,0.7190909090909091,0.2633333333333333,0.0,2014-09-06T00:31:36Z
r1dw7x0g7,,,,,,1.0,2014-09-14T00:33:42Z
r1dw7x0g7,,,,,,1.0,2014-09-14T00:34:06Z
r1dw7x0g7,0.0,0.0,0.0051724137931034,0.7344827586206896,0.2468965517241379,0.1212121212121212,2014-09-22T00:31:41Z
r1dw7x0g7,,,,,,1.0,2014-09-30T00:33:42Z
r1dw7x0g7,,,,,,1.0,2014-09-30T00:34:06Z
r1dw7x0g7,0.0,0.0,0.2625,0.5608333333333334,0.1624999999999999,0.6363636363636364,2014-10-08T00:31:53Z
r1dw7x0g7,,,,,,1.0,2014-10-16T00:33:47Z
r1dw7x0g7,,,,,,1.0,2014-10-16T00:34:11Z
r1dw7x0g7,0.0,0.0,0.0193939393939393,0.6306060606060606,0.3354545454545454,0.0,2014-10-24T00:32:02Z
r1dw7x0g7,,,,,,1.0,2014-11-01T00:33:44Z
r1dw7x0g7,,,,,,1.0,2014-11-01T00:34:08Z
r1dw7x0g7,0.0,0.0,0.1766666666666666,0.5722222222222223,0.2366666666666666,0.7272727272727273,2014-11-09T00:32:12Z
r1dw7x0g7,,,,,,1.0,2014-11-17T00:33:45Z
r1dw7x0g7,,,,,,1.0,2014-11-17T00:34:09Z
r1dw7x0g7,,,,,,1.0,2014-11-25T00:32:15Z
r1dw7x0g7,0.0,0.0,0.0963636363636363,0.4369696969696969,0.4512121212121212,0.0,2014-12-03T00:33:44Z
r1dw7x0g7,0.0,0.0,0.0963636363636363,0.4369696969696969,0.4512121212121212,0.0,2014-12-03T00:34:08Z
r1dw7x0g7,,,,,,1.0,2014-12-11T00:32:22Z
r1dw7x0g7,,,,,,1.0,2014-12-19T00:33:41Z
r1dw7x0g7,,,,,,1.0,2014-12-19T00:34:04Z
r1dw7x0g7,0.0,0.0,0.07875,0.36,0.5525,0.0303030303030302,2014-12-27T00:32:28Z
r1dw7x0g7,,,,,,1.0,2015-01-04T00:33:35Z
r1dw7x0g7,,,,,,1.0,2015-01-04T00:33:59Z
r1dw7x0g7,,,,,,1.0,2015-01-28T00:32:35Z
r1dw7x0g7,0.0,0.0,0.0696969696969697,0.4666666666666667,0.4512121212121212,0.0,2015-02-05T00:33:29Z
r1dw7x0g7,0.0,0.0,0.2,0.22,0.565,0.9393939393939394,2015-02-13T00:32:36Z
r1dw7x0g7,0.0,0.0,0.0751515151515151,0.4642424242424242,0.4475757575757575,0.0,2015-02-21T00:33:22Z
r1dw7x0g7,0.0,0.0,0.0751515151515151,0.4642424242424242,0.4475757575757575,0.0,2015-02-21T00:33:46Z
r1dw7x0g7,,,,,,1.0,2015-03-01T00:32:49Z
r1dw7x0g7,,,,,,1.0,2015-03-09T00:33:13Z
r1dw7x0g7,,,,,,1.0,2015-03-09T00:33:37Z
r1dw7x0g7,,,,,,1.0,2015-03-25T00:33:04Z
r1dw7x0g7,,,,,,1.0,2015-03-25T00:33:28Z
r1dw7x0g7,,,,,,1.0,2015-04-02T00:33:02Z
r1dw7x0g7,0.0,0.0,0.1248484848484848,0.5221212121212121,0.3378787878787879,0.0,2015-04-10T00:32:55Z
r1dw7x0g7,0.0,0.0,0.1248484848484848,0.5221212121212121,0.3378787878787879,0.0,2015-04-10T00:33:19Z
r1dw7x0g7,0.0,0.0,0.3424999999999999,0.4775,0.1699999999999999,0.8787878787878788,2015-04-18T00:33:10Z
r1dw7x0g7,0.0,0.0,0.0769696969696969,0.6945454545454545,0.2127272727272727,0.0,2015-04-26T00:32:52Z
r1dw7x0g7,0.0,0.0,0.0769696969696969,0.6945454545454545,0.2127272727272727,0.0,2015-04-26T00:33:16Z
r1dw7x0g7,0.0,0.0,0.0342424242424242,0.6996969696969697,0.2512121212121212,0.0,2015-05-04T00:33:16Z
r1dw7x0g7,,,,,,1.0,2015-05-12T00:32:36Z
r1dw7x0g7,0.0,0.125,0.015,0.688125,0.1596874999999999,0.0303030303030302,2015-05-20T00:33:24Z
r1dw7x0g7,,,,,,1.0,2015-05-28T00:32:37Z
r1dw7x0g7,,,,,,1.0,2015-05-28T00:33:01Z
r1dw7x0g7,0.0,0.0,0.211,0.667,0.108,0.696969696969697,2015-06-05T00:33:30Z
r1dw7x0g7,0.0,0.0,0.033030303030303,0.7172727272727271,0.2381818181818182,0.0,2015-06-21T00:33:34Z
r1dw7x0g7,,,,,,1.0,2015-06-29T00:32:55Z
r1dw7x0g7,,,,,,1.0,2015-07-07T00:33:39Z
r1dw7x0g7,,,,,,1.0,2015-07-15T00:33:06Z
r1dw7x0g7,,,,,,1.0,2015-07-15T00:33:30Z
r1dw7x0g7,0.0,0.0384615384615384,0.0253846153846153,0.7326923076923078,0.1896153846153846,0.2121212121212121,2015-07-23T00:33:42Z
r1dw7x0g7,,,,,,1.0,2015-07-31T00:33:10Z
r1dw7x0g7,,,,,,1.0,2015-07-31T00:33:34Z
r1dw7x0g7,0.0,0.0606060606060606,0.0057575757575757,0.6993939393939395,0.2233333333333333,0.0,2015-08-08T00:33:46Z
r1dw7x0g7,0.0,0.0606060606060606,0.0442424242424242,0.7054545454545453,0.1693939393939394,0.0,2015-08-16T00:33:16Z
r1dw7x0g7,0.0,0.0606060606060606,0.0442424242424242,0.7054545454545453,0.1693939393939394,0.0,2015-08-16T00:33:40Z
r1dw7x0g7,,,,,,1.0,2015-08-24T00:33:48Z
r1dw7x0g7,,,,,,1.0,2015-09-01T00:33:22Z
r1dw7x0g7,,,,,,1.0,2015-09-01T00:33:46Z
r1dw7x0g7,,,,,,1.0,2015-09-17T00:33:30Z
r1dw7x0g7,,,,,,1.0,2015-09-17T00:33:54Z
r1dw7x0g7,0.0,0.0,0.0248275862068965,0.783448275862069,0.1768965517241379,0.1212121212121212,2015-09-25T00:33:55Z
r1dw7x0g7,0.0,0.0,0.0584848484848484,0.740909090909091,0.1790909090909091,0.0,2015-10-03T00:33:34Z
r1dw7x0g7,0.0,0.0,0.0584848484848484,0.740909090909091,0.1790909090909091,0.0,2015-10-03T00:33:58Z
r1dw7x0g7,0.0,0.0,0.1006249999999999,0.6993750000000001,0.18,0.5151515151515151,2015-10-19T00:33:35Z
r1dw7x0g7,0.0,0.0,0.1006249999999999,0.6993750000000001,0.18,0.5151515151515151,2015-10-19T00:33:59Z
r1dw7x0g7,0.0,0.0,0.0109090909090909,0.6684848484848486,0.3066666666666667,0.0,2015-10-27T00:34:21Z
r1dw7x0g7,0.0,0.0,0.308,0.524,0.154,0.8484848484848485,2015-11-04T00:33:40Z
r1dw7x0g7,0.0,0.0,0.308,0.524,0.154,0.8484848484848485,2015-11-04T00:34:04Z
r1dw7x0g7,0.0,0.0,0.075,0.5540909090909092,0.355,0.3333333333333333,2015-11-12T00:34:36Z
r1dw7x0g7,,,,,,1.0,2015-11-20T00:33:41Z
r1dw7x0g7,,,,,,1.0,2015-11-28T00:34:50Z
r1dw7x0g7,,,,,,1.0,2015-12-06T00:33:41Z
r1dw7x0g7,,,,,,1.0,2015-12-06T00:34:05Z
r1dw7x0g7,0.0,0.0,0.0772727272727272,0.4121212121212121,0.4972727272727272,0.0,2015-12-14T00:35:06Z
r1dw7x0g7,0.0,0.0,0.0884848484848484,0.4369696969696969,0.4590909090909091,0.0,2015-12-22T00:33:42Z
r1dw7x0g7,0.0,0.0,0.0884848484848484,0.4369696969696969,0.4590909090909091,0.0,2015-12-22T00:34:06Z
r1dw7x0g7,,,,,,1.0,2015-12-30T00:35:19Z
r1dw7x0g7,0.0,0.0,0.1254545454545454,0.4090909090909091,0.4490909090909091,0.6666666666666667,2016-01-07T00:33:37Z
r1dw7x0g7,0.0,0.0,0.1254545454545454,0.4090909090909091,0.4490909090909091,0.6666666666666667,2016-01-07T00:34:01Z
r1dw7x0g7,0.0,0.0,0.0824242424242424,0.3781818181818182,0.5266666666666666,0.0,2016-01-15T00:35:35Z
r1dw7x0g7,0.0,0.0,0.0844,0.3468,0.5556,0.2424242424242424,2016-01-31T00:35:45Z
r1dw7x0g7,,,,,,1.0,2016-02-08T00:33:34Z
r1dw7x0g7,,,,,,1.0,2016-02-08T00:33:57Z
r1dw7x0g7,,,,,,1.0,2016-02-16T00:35:50Z
r1dw7x0g7,,,,,,1.0,2016-03-03T00:35:56Z
r1dw7x0g7,0.0,0.0,0.0493939393939393,0.5918181818181818,0.3406060606060606,0.0,2016-03-11T00:33:25Z
r1dw7x0g7,0.0,0.0,0.0493939393939393,0.5918181818181818,0.3406060606060606,0.0,2016-03-11T00:33:49Z
r1dw7x0g7,,,,,,1.0,2016-03-19T00:36:04Z
r1dw7x0g7,0.0,0.0,0.0142424242424242,0.5448484848484849,0.4318181818181818,0.0,2016-04-04T00:36:07Z
r1dw7x0g7,,,,,,1.0,2016-04-12T00:33:09Z
r1dw7x0g7,,,,,,1.0,2016-04-12T00:33:33Z
r1dw7x0g7,,,,,,1.0,2016-04-20T00:36:15Z
r1dw7x0g7,0.0,0.0,0.056060606060606,0.643030303030303,0.2827272727272727,0.0,2016-05-14T00:33:05Z
r1dw7x0g7,0.0,0.0,0.056060606060606,0.643030303030303,0.2827272727272727,0.0,2016-05-14T00:33:29Z
r1dw7x0g7,0.0,1.0,0.0,0.0,0.0,0.4848484848484848,2016-05-30T00:33:12Z
r1dw7x0g7,0.0,0.0,0.0075757575757575,0.709090909090909,0.2696969696969697,0.0,2016-06-07T00:36:29Z
r1dw7x0g7,0.0,0.0303030303030303,0.0357575757575757,0.6690909090909091,0.2451515151515151,0.0,2016-06-15T00:33:15Z
r1dw7x0g7,0.0,0.0303030303030303,0.0357575757575757,0.6690909090909091,0.2451515151515151,0.0,2016-06-15T00:33:39Z
r1dw7x0g7,,,,,,1.0,2016-06-23T00:36:31Z
r1dw7x0g7,0.0,0.0,0.4045454545454545,0.5206060606060606,0.0654545454545454,0.0,2016-07-01T00:33:24Z
r1dw7x0g7,0.0,0.0,0.4045454545454545,0.5206060606060606,0.0654545454545454,0.0,2016-07-01T00:33:48Z
r1dw7x0g7,,,,,,1.0,2016-07-09T00:36:30Z
r1dw7x0g7,0.0,0.0303030303030303,0.0406060606060606,0.6503030303030304,0.2609090909090909,0.0,2016-07-17T00:33:31Z
r1dw7x0g7,0.0,0.0,0.0436363636363636,0.6706060606060605,0.2672727272727273,0.0,2016-07-17T00:33:55Z
r1dw7x0g7,0.0,0.1111111111111111,0.1166666666666666,0.5577777777777778,0.2044444444444444,0.7272727272727273,2016-07-25T00:36:33Z
r1dw7x0g7,0.0,0.6060606060606061,0.0318181818181818,0.2784848484848485,0.0757575757575757,0.0,2016-08-02T00:33:34Z
r1dw7x0g7,0.0,0.6060606060606061,0.0318181818181818,0.2784848484848485,0.0757575757575757,0.0,2016-08-02T00:33:58Z
r1dw7x0g7,,,,,,1.0,2016-08-10T00:36:34Z
r1dw7x0g7,0.0,0.0,0.0448484848484848,0.680909090909091,0.2542424242424242,0.0,2016-08-18T00:33:38Z
r1dw7x0g7,0.0,0.0,0.0448484848484848,0.680909090909091,0.2542424242424242,0.0,2016-08-18T00:34:02Z
r1dw7x0g7,0.0,1.0,0.0,0.0,0.0,0.0606060606060605,2016-09-03T00:34:09Z
r1dw7x0g7,0.0,0.0303030303030303,0.0451515151515151,0.7172727272727273,0.1866666666666666,0.0,2016-09-19T00:33:47Z
r1dw7x0g7,0.0,0.0303030303030303,0.0451515151515151,0.7172727272727273,0.1866666666666666,0.0,2016-09-19T00:34:11Z
r1dw7x0g7,0.0,0.0,0.0093939393939393,0.7751515151515151,0.1999999999999999,0.0,2016-09-27T00:36:42Z
r1dw7x0g7,,,,,,1.0,2016-10-05T00:33:49Z
r1dw7x0g7,,,,,,1.0,2016-10-05T00:34:13Z
r1dw7x0g7,0.0,0.0,0.1534482758620689,0.7027586206896551,0.13,0.1212121212121212,2016-10-13T00:36:42Z
r1dw7x0g7,0.0,0.0,0.00625,0.73625,0.243125,0.0303030303030302,2016-10-29T00:36:38Z
r1dw7x0g7,0.0,0.0303030303030303,0.0424242424242424,0.7096969696969697,0.1966666666666666,0.0,2016-11-06T00:33:53Z
r1dw7x0g7,0.0,0.0303030303030303,0.0424242424242424,0.7096969696969697,0.1966666666666666,0.0,2016-11-06T00:34:17Z
r1dw7x0g7,,,,,,1.0,2016-12-08T00:33:52Z
r1dw7x0g7,,,,,,1.0,2016-12-08T00:34:15Z
r1dw7x0g7,0.0,0.0,0.0242424242424242,0.5033333333333334,0.4548484848484848,0.0,2016-12-16T00:36:23Z
r1dw7x0g7,0.0,0.0,0.07,0.4872727272727273,0.4248484848484848,0.0,2016-12-24T00:33:47Z
r1dw7x0g7,0.0,0.0,0.07,0.4872727272727273,0.4248484848484848,0.0,2016-12-24T00:34:11Z
r1dw7x0g7,0.0,0.0,0.0448484848484848,0.4403030303030303,0.5015151515151516,0.0,2017-01-17T00:36:04Z
r1dw7x0g7,0.0,0.0,0.0724242424242424,0.4703030303030303,0.443030303030303,0.0,2017-01-25T00:33:39Z
r1dw7x0g7,0.0,0.0,0.0724242424242424,0.4703030303030303,0.443030303030303,0.0,2017-01-25T00:34:03Z
r1dw7x0g7,0.0,0.0,0.0675,0.39625,0.523125,0.5151515151515151,2017-02-02T00:35:57Z
r1dw7x0g7,0.0,0.0,0.0627272727272727,0.52,0.4006060606060606,0.0,2017-02-10T00:33:31Z
r1dw7x0g7,0.0,0.0,0.0627272727272727,0.52,0.4006060606060606,0.0,2017-02-10T00:33:54Z
r1dw7x0g7,,,,,,1.0,2017-02-18T00:35:56Z
r1dw7x0g7,0.0,0.0,0.0448484848484848,0.5663636363636364,0.3706060606060606,0.0,2017-02-26T00:33:26Z
r1dw7x0g7,0.0,0.0,0.0448484848484848,0.5663636363636364,0.3706060606060606,0.0,2017-02-26T00:33:50Z
r1dw7x0g7,,,,,,1.0,2017-03-06T00:36:04Z
r1dw7x0g7,0.0,0.0,0.0469696969696969,0.5499999999999999,0.3869696969696969,0.0,2017-03-14T00:33:17Z
r1dw7x0g7,0.0,0.0,0.0469696969696969,0.5499999999999999,0.3869696969696969,0.0,2017-03-14T00:33:41Z
r1dw7x0g7,,,,,,1.0,2017-03-30T00:33:08Z
r1dw7x0g7,,,,,,1.0,2017-03-30T00:33:32Z
r1dw7x0g7,0.0,0.0,0.0187878787878787,0.5484848484848486,0.4224242424242424,0.0,2017-04-07T00:36:13Z
r1dw7x0g7,0.0,0.0,0.0478787878787878,0.5718181818181819,0.3642424242424242,0.0,2017-04-15T00:33:00Z
r1dw7x0g7,0.0,0.0,0.0478787878787878,0.5718181818181819,0.3642424242424242,0.0,2017-04-15T00:33:24Z
r1dw7x0g7,,,,,,1.0,2017-05-01T00:32:50Z
r1dw7x0g7,,,,,,1.0,2017-05-01T00:33:14Z
r1dw7x0g7,0.0,0.0,0.0417241379310344,0.6234482758620689,0.3213793103448276,0.1212121212121212,2017-05-09T00:36:25Z
r1dw7x0g7,0.0,0.0,0.1087878787878787,0.6257575757575757,0.2506060606060606,0.0,2017-05-25T00:36:28Z
r1dw7x0g7,0.0,0.0303030303030303,0.049090909090909,0.62,0.2809090909090909,0.0,2017-06-02T00:33:10Z
r1dw7x0g7,0.0,0.0303030303030303,0.049090909090909,0.62,0.2809090909090909,0.0,2017-06-02T00:33:34Z
r1dw7x0g7,0.0,0.1515151515151515,0.0245454545454545,0.5493939393939393,0.2606060606060607,0.0,2017-06-10T00:36:33Z
r1dw7x0g7,0.0,0.0303030303030303,0.0493939393939394,0.6424242424242425,0.2584848484848485,0.0,2017-06-18T00:33:16Z
r1dw7x0g7,0.0,0.0303030303030303,0.0493939393939394,0.6424242424242425,0.2584848484848485,0.0,2017-06-18T00:33:40Z
r1dw7x0g7,,,,,,1.0,2017-07-04T00:33:44Z
r1dw7x0g7,0.0,0.0,0.0087878787878787,0.6745454545454544,0.3051515151515152,0.0,2017-07-12T00:36:37Z
r1dw7x0g7,,,,,,1.0,2017-07-20T00:33:25Z
r1dw7x0g7,,,,,,1.0,2017-07-20T00:33:49Z
r1dw7x0g7,,,,,,1.0,2017-07-28T00:36:36Z
r1dw7x0g7,,,,,,1.0,2017-08-05T00:33:56Z
r1dw7x0g7,0.0,0.0,0.0051515151515151,0.6896969696969697,0.2963636363636364,0.0,2017-08-13T00:36:33Z
r1dw7x0g7,,,,,,1.0,2017-08-21T00:33:37Z
r1dw7x0g7,0.0,0.0,0.0415151515151515,0.706969696969697,0.2296969696969697,0.0,2017-09-06T00:33:40Z
r1dw7x0g7,0.0,0.0,0.0415151515151515,0.706969696969697,0.2296969696969697,0.0,2017-09-06T00:34:04Z
r1dw7x0g7,0.0,0.0,0.0296153846153846,0.6896153846153846,0.2642307692307692,0.2121212121212121,2017-09-14T00:36:32Z
r1dw7x0g7,0.0,0.0,0.0436363636363636,0.7030303030303031,0.2315151515151515,0.0,2017-09-22T00:33:43Z
r1dw7x0g7,0.0,0.0,0.0436363636363636,0.7030303030303031,0.2315151515151515,0.0,2017-09-22T00:34:07Z
r1dw7x0g7,0.0,0.3181818181818182,0.0577272727272727,0.4449999999999999,0.1695454545454545,0.3333333333333333,2017-09-30T00:36:33Z
r1dw7x0g7,0.0,0.0,0.036060606060606,0.7296969696969696,0.2124242424242424,0.0,2017-10-08T00:33:49Z
r1dw7x0g7,0.0,0.0,0.036060606060606,0.7296969696969696,0.2124242424242424,0.0,2017-10-08T00:34:13Z
r1dw7x0g7,0.0,0.0,0.0015151515151515,0.7578787878787878,0.226969696969697,0.0,2017-10-16T00:36:35Z
r1dw7x0g7,,,,,,1.0,2017-10-24T00:33:51Z
r1dw7x0g7,,,,,,1.0,2017-10-24T00:34:15Z
r1dw7x0g7,,,,,,1.0,2017-11-01T00:36:35Z
r1dw7x0g7,0.0,0.0,0.1215384615384615,0.6499999999999999,0.2107692307692308,0.6060606060606061,2017-11-09T00:33:50Z
r1dw7x0g7,0.0,0.0,0.1215384615384615,0.6499999999999999,0.2107692307692308,0.6060606060606061,2017-11-09T00:34:14Z
r1dw7x0g7,,,,,,1.0,2017-11-25T00:33:44Z
r1dw7x0g7,,,,,,1.0,2017-11-25T00:34:08Z
r1dw7x0g7,0.0,0.0,0.0815151515151515,0.4790909090909091,0.4236363636363636,0.0,2017-12-11T00:33:42Z
r1dw7x0g7,0.0,0.0,0.0815151515151515,0.4790909090909091,0.4236363636363636,0.0,2017-12-11T00:34:06Z
r1dw7x0g7,0.0,0.0,0.0669696969696969,0.4312121212121212,0.4878787878787879,0.0,2017-12-19T00:36:16Z
r1dw7x0g7,0.0,0.0,0.0866666666666666,0.3009090909090909,0.6012121212121212,0.0,2017-12-27T00:33:44Z
r1dw7x0g7,0.0,0.0,0.0866666666666666,0.3009090909090909,0.6012121212121212,0.0,2017-12-27T00:34:08Z
r1dw7x0g7,0.0,0.0,0.0672,0.4068,0.5144,0.2424242424242424,2018-01-04T00:36:05Z
r1dw7x0g7,,,,,,1.0,2018-01-20T00:35:51Z
r1dw7x0g7,0.0,0.0,0.079090909090909,0.4363636363636364,0.4715151515151515,0.0,2018-01-28T00:33:29Z
r1dw7x0g7,0.0,0.0,0.079090909090909,0.4363636363636364,0.4715151515151515,0.0,2018-01-28T00:33:53Z
r1dw7x0g7,0.0,0.0,0.0618181818181818,0.3957575757575757,0.5303030303030302,0.0,2018-02-05T00:35:34Z
r1dw7x0g7,0.0,0.0,0.0896969696969697,0.4306060606060606,0.4669696969696969,0.0,2018-02-13T00:33:22Z
r1dw7x0g7,0.0,0.0,0.0896969696969697,0.4306060606060606,0.4669696969696969,0.0,2018-02-13T00:33:46Z
r1dw7x0g7,,,,,,1.0,2018-03-01T00:33:15Z
r1dw7x0g7,,,,,,1.0,2018-03-01T00:33:39Z
r1dw7x0g7,0.0,0.0,0.0621739130434782,0.391304347826087,0.5369565217391304,0.303030303030303,2018-03-09T00:35:14Z
r1dw7x0g7,0.0,0.0,0.0507142857142857,0.4685714285714285,0.4707142857142857,0.1515151515151515,2018-03-25T00:35:01Z
r1dw7x0g7,,,,,,1.0,2018-04-02T00:32:59Z
r1dw7x0g7,,,,,,1.0,2018-04-02T00:33:23Z
r1dw7x0g7,0.0,0.0,0.307,0.3425,0.3364999999999999,0.3939393939393939,2018-04-10T00:34:47Z
r1dw7x0g7,0.0,0.0,0.0966666666666666,0.506060606060606,0.3799999999999999,0.0,2018-04-18T00:32:50Z
r1dw7x0g7,0.0,0.0,0.0966666666666666,0.506060606060606,0.3799999999999999,0.0,2018-04-18T00:33:14Z
r1dw7x0g7,,,,,,1.0,2018-04-26T00:34:30Z
r1dw7x0g7,0.0,0.0,0.0684848484848485,0.5439393939393941,0.3706060606060606,0.0,2018-05-04T00:32:41Z
r1dw7x0g7,0.0,0.0,0.0684848484848485,0.5439393939393941,0.3706060606060606,0.0,2018-05-04T00:33:05Z
r1dw7x0g7,,,,,,1.0,2018-05-12T00:34:13Z
r1dw7x0g7,,,,,,1.0,2018-05-20T00:32:30Z
r1dw7x0g7,,,,,,1.0,2018-05-28T00:33:58Z
r1dw7x0g7,0.0,0.0,0.0412121212121212,0.6912121212121212,0.2469696969696969,0.0,2018-06-05T00:32:20Z
r1dw7x0g7,0.0,0.0,0.0412121212121212,0.6912121212121212,0.2469696969696969,0.0,2018-06-05T00:32:44Z
r1dw7x0g7,0.0,0.0,0.0108,0.7055999999999999,0.2688,0.2424242424242424,2018-06-13T00:33:42Z
r1dw7x0g7,0.0416666666666666,0.9583333333333334,0.0,0.0,0.0,0.2727272727272727,2018-06-21T00:32:30Z
r1dw7x0g7,0.0416666666666666,0.9583333333333334,0.0,0.0,0.0,0.2727272727272727,2018-06-21T00:32:54Z
r1dw7x0g7,0.0,0.7878787878787878,0.0363636363636363,0.1233333333333333,0.0487878787878787,0.0,2018-06-29T00:33:23Z
r1dw7x0g7,,,,,,1.0,2018-07-07T00:32:39Z
r1dw7x0g7,,,,,,1.0,2018-07-07T00:33:03Z
r1dw7x0g7,0.0,0.0,0.0036363636363636,0.71,0.2757575757575757,0.0,2018-07-15T00:33:05Z
r1dw7x0g7,0.0,0.9393939393939394,0.039090909090909,0.0215151515151515,0.0,0.0,2018-07-23T00:32:46Z
r1dw7x0g7,0.0,0.9393939393939394,0.039090909090909,0.0215151515151515,0.0,0.0,2018-07-23T00:33:10Z
r1dw7x0g7,0.0,0.0,0.114,0.67,0.1986666666666666,0.0909090909090909,2018-07-31T00:32:48Z
r1dw7x0g7,,,,,,1.0,2018-08-08T00:32:55Z
r1dw7x0g7,,,,,,1.0,2018-08-08T00:33:19Z
r1dw7x0g7,0.0,0.0,0.0018181818181818,0.7227272727272728,0.2627272727272727,0.0,2018-08-16T00:32:30Z
r1dw7x0g7,0.0,0.0,0.0372727272727272,0.6887878787878788,0.2521212121212121,0.0,2018-08-24T00:33:03Z
r1dw7x0g7,0.0,0.0,0.0372727272727272,0.6887878787878788,0.2521212121212121,0.0,2018-08-24T00:33:27Z
r1dw7x0g7,,,,,,1.0,2018-09-01T00:32:11Z
r1dw7x0g7,0.0,0.0,0.0645454545454545,0.7030303030303029,0.2112121212121212,0.0,2018-09-09T00:33:09Z
r1dw7x0g7,0.0,0.0,0.0645454545454545,0.7030303030303029,0.2112121212121212,0.0,2018-09-09T00:33:33Z
r1dw7x0g7,0.0,0.0,0.0051515151515151,0.7384848484848485,0.2439393939393939,0.0,2018-09-17T00:31:50Z
r1dw7x0g7,0.0,0.0,0.1121739130434782,0.7221739130434782,0.1456521739130434,0.303030303030303,2018-09-25T00:33:14Z
r1dw7x0g7,0.0,0.0,0.1121739130434782,0.7221739130434782,0.1456521739130434,0.303030303030303,2018-09-25T00:33:38Z
r1dw7x0g7,0.0,0.0,0.0509090909090909,0.7036363636363637,0.2251515151515151,0.0,2018-10-11T00:33:22Z
r1dw7x0g7,0.0,0.0,0.0509090909090909,0.7036363636363637,0.2251515151515151,0.0,2018-10-11T00:33:46Z
r1dw7x0g7,0.0,0.0,0.0981818181818181,0.6460606060606061,0.236060606060606,0.0,2018-10-27T00:33:27Z
r1dw7x0g7,0.0,0.0,0.0981818181818181,0.6460606060606061,0.236060606060606,0.0,2018-10-27T00:33:51Z
r1dw7x0g7,,,,,,1.0,2018-11-12T00:33:53Z
r1dw7x0g7,0.0,0.0,0.066060606060606,0.4690909090909091,0.4524242424242424,0.0,2018-12-06T00:29:56Z
r1dw7x0g7,,,,,,1.0,2018-12-14T00:33:25Z
r1dw7x0g7,0.0,0.1666666666666666,0.1516666666666666,0.27,0.4016666666666666,0.8181818181818181,2018-12-22T00:29:29Z
r1dw7x0g7,0.0,0.0,0.1275,0.4434375,0.4137499999999999,0.0303030303030302,2018-12-30T00:33:26Z
r1dw7x0g7,0.0,0.0,0.1275,0.4434375,0.4137499999999999,0.0303030303030302,2018-12-30T00:33:49Z
r1dw7x0g7,,,,,,1.0,2019-01-07T00:29:00Z
r1dw7x0g7,0.0,0.0,0.0848484848484848,0.4915151515151514,0.4084848484848484,0.0,2019-01-15T00:33:23Z
r1dw7x0g7,0.0,0.0,0.0848484848484848,0.4915151515151514,0.4084848484848484,0.0,2019-01-15T00:33:47Z
r1dw7x0g7,0.0,0.0,0.0715151515151515,0.425151515151515,0.49,0.0,2019-01-23T00:28:29Z
r1dw7x0g7,,,,,,1.0,2019-01-31T00:33:19Z
r1dw7x0g7,,,,,,1.0,2019-01-31T00:33:43Z
r1dw7x0g7,0.0,0.0,0.139375,0.3662499999999999,0.4809374999999999,0.0303030303030302,2019-02-08T00:28:00Z
r1dw7x0g7,0.0,0.0,0.1084848484848484,0.4278787878787878,0.4481818181818182,0.0,2019-02-16T00:33:17Z
r1dw7x0g7,0.0,0.0,0.1084848484848484,0.4278787878787878,0.4481818181818182,0.0,2019-02-16T00:33:41Z
r1dw7x0g7,0.0,0.0,0.0895833333333333,0.3816666666666666,0.5179166666666667,0.2727272727272727,2019-02-24T00:27:31Z
r1dw7x0g7,0.0,0.0,0.1106060606060606,0.4312121212121211,0.4436363636363636,0.0,2019-03-04T00:33:13Z
r1dw7x0g7,0.0,0.0,0.1106060606060606,0.4312121212121211,0.4436363636363636,0.0,2019-03-04T00:33:37Z
r1dw7x0g7,0.0,0.0,0.1066666666666666,0.4218181818181818,0.4575757575757576,0.0,2019-03-20T00:33:08Z
r1dw7x0g7,0.0,0.0,0.1066666666666666,0.4218181818181818,0.4575757575757576,0.0,2019-03-20T00:33:32Z
r1dw7x0g7,0.0,0.0,0.0784848484848484,0.4106060606060606,0.5006060606060605,0.0,2019-03-28T00:26:28Z
r1dw7x0g7,,,,,,1.0,2019-04-05T00:33:04Z
r1dw7x0g7,,,,,,1.0,2019-04-05T00:33:28Z
r1dw7x0g7,0.0,0.0,0.1212121212121212,0.4733333333333334,0.3933333333333333,0.0,2019-04-29T00:25:19Z
r1dw7x0g7,0.0,0.0,0.0763636363636363,0.5315151515151515,0.3751515151515152,0.0,2019-05-07T00:33:02Z
r1dw7x0g7,0.0,0.0,0.0275,0.6283333333333333,0.33,0.2727272727272727,2019-05-15T00:24:42Z
r1dw7x0g7,0.0,0.0,0.0575757575757575,0.6378787878787879,0.2854545454545454,0.0,2019-05-23T00:33:12Z
r1dw7x0g7,0.0,0.0,0.0575757575757575,0.6378787878787879,0.2854545454545454,0.0,2019-05-23T00:33:36Z
r1dw7x0g7,,,,,,1.0,2019-05-31T00:24:06Z
r1dw7x0g7,0.0,0.0,0.0542424242424242,0.6896969696969696,0.2354545454545454,0.0,2019-06-08T00:33:20Z
r1dw7x0g7,0.0,0.0,0.0542424242424242,0.6896969696969696,0.2354545454545454,0.0,2019-06-08T00:33:44Z
r1dw7x0g7,0.0,0.0303030303030303,0.0139393939393939,0.7406060606060605,0.2024242424242424,0.0,2019-06-16T00:23:32Z
r1dw7x0g7,,,,,,1.0,2019-06-24T00:33:49Z
r1dw7x0g7,0.0,0.0303030303030303,0.0821212121212121,0.6651515151515153,0.2024242424242424,0.0,2019-07-10T00:33:29Z
r1dw7x0g7,0.0,0.0303030303030303,0.0821212121212121,0.6651515151515153,0.2024242424242424,0.0,2019-07-10T00:33:53Z
r1dw7x0g7,,,,,,1.0,2019-07-18T00:22:19Z
r1dw7x0g7,,,,,,1.0,2019-08-11T00:33:40Z
r1dw7x0g7,,,,,,1.0,2019-08-11T00:34:04Z
r1dw7x0g7,0.0,0.9411764705882352,0.0270588235294117,0.0294117647058823,0.0023529411764705,0.4848484848484848,2019-08-19T00:21:00Z
r1dw7x0g7,,,,,,1.0,2019-08-27T00:33:44Z
r1dw7x0g7,,,,,,1.0,2019-08-27T00:34:08Z
r1dw7x0g7,0.0,0.0,0.0469696969696969,0.7315151515151515,0.2006060606060606,0.0,2019-09-12T00:33:48Z
r1dw7x0g7,0.0,0.0,0.0469696969696969,0.7315151515151515,0.2006060606060606,0.0,2019-09-12T00:34:12Z
r1dw7x0g7,0.0,0.0,0.0612121212121212,0.7381818181818183,0.1766666666666666,0.0,2019-09-28T00:33:54Z
r1dw7x0g7,0.0,0.0,0.0612121212121212,0.7381818181818183,0.1766666666666666,0.0,2019-09-28T00:34:18Z
r1dw7x0g7,0.0,0.5,0.0433333333333333,0.4033333333333333,0.04,0.8181818181818181,2019-10-14T00:33:56Z
r1dw7x0g7,0.0,0.5,0.0433333333333333,0.4033333333333333,0.04,0.8181818181818181,2019-10-14T00:34:20Z
r1dw7x0g7,0.0,0.0,0.00375,0.7487500000000001,0.2333333333333333,0.2727272727272727,2019-10-22T00:18:16Z
r1dw7x0g7,0.0,0.0,0.0439393939393939,0.6915151515151514,0.2439393939393939,0.0,2019-10-30T00:33:57Z
r1dw7x0g7,0.0,0.0,0.0439393939393939,0.6915151515151514,0.2439393939393939,0.0,2019-10-30T00:34:21Z
r1dw7x0g7,,,,,,1.0,2019-11-07T00:17:33Z
r1dw7x0g7,,,,,,1.0,2019-11-15T00:33:54Z
r1dw7x0g7,,,,,,1.0,2019-11-23T00:16:49Z
r1dw7x0g7,,,,,,1.0,2019-12-01T00:33:52Z
r1dw7x0g7,0.0,0.0,0.0548484848484848,0.4324242424242424,0.4981818181818182,0.0,2019-12-09T00:16:02Z
r1dw7x0g7,,,,,,1.0,2019-12-17T00:33:50Z
r1dw7x0g7,,,,,,1.0,2019-12-17T00:34:14Z
r1dw7x0g7,0.0,0.0,0.0820833333333333,0.3712499999999999,0.5337500000000001,0.2727272727272727,2019-12-25T00:15:13Z
r1dw7x0g7,0.0,0.0,0.1251515151515151,0.3863636363636363,0.4715151515151515,0.0,2020-01-02T00:33:46Z
r1dw7x0g7,0.0,0.0,0.1251515151515151,0.3863636363636363,0.4715151515151515,0.0,2020-01-02T00:34:10Z
r1dw7x0g7,,,,,,1.0,2020-01-18T00:33:43Z
r1dw7x0g7,,,,,,1.0,2020-01-18T00:34:07Z
r1dw7x0g7,,,,,,1.0,2020-02-03T00:33:37Z
r1dw7x0g7,,,,,,1.0,2020-02-03T00:34:01Z
r1dw7x0g7,,,,,,1.0,2020-02-19T00:33:34Z
r1dw7x0g7,,,,,,1.0,2020-03-14T00:11:05Z
r1dw7x0g7,,,,,,1.0,2020-03-22T00:33:45Z
r1dw7x0g7,0.0,0.0,0.2391666666666666,0.365,0.3808333333333333,0.6363636363636364,2020-03-30T00:10:11Z
r1dw7x0g7,,,,,,1.0,2020-04-07T00:33:36Z
r1dw7x0g7,0.0,0.1612903225806451,0.0109677419354838,0.5190322580645161,0.2977419354838709,0.0606060606060605,2020-05-01T00:08:19Z
r1dw7x0g7,0.0,0.0,0.0733333333333333,0.6263636363636365,0.2806060606060606,0.0,2020-05-09T00:32:56Z
r1dw7x0g7,0.0,0.0,0.0733333333333333,0.6263636363636365,0.2806060606060606,0.0,2020-05-09T00:33:20Z
r1dw7x0g7,0.0,0.0,0.009090909090909,0.6751515151515151,0.3033333333333333,0.0,2020-05-17T00:07:21Z
r1dw7x0g7,,,,,,1.0,2020-05-25T00:33:00Z
r1dw7x0g7,,,,,,1.0,2020-05-25T00:33:24Z
r1dw7x0g7,0.0,0.0,0.0636363636363636,0.7239393939393941,0.2003030303030303,0.0,2020-06-02T00:06:23Z
r1dw7x0g7,0.0,0.1212121212121212,0.036060606060606,0.6236363636363635,0.2012121212121212,0.0,2020-06-10T00:33:09Z
r1dw7x0g7,0.0,0.0909090909090909,0.0366666666666666,0.6451515151515151,0.2087878787878787,0.0,2020-06-10T00:33:33Z
r1dw7x0g7,0.0,0.1612903225806451,0.0109677419354838,0.6112903225806451,0.2067741935483871,0.0606060606060605,2020-06-18T00:05:27Z
r1dw7x0g7,0.0,0.3939393939393939,0.0293939393939393,0.4839393939393939,0.0815151515151515,0.0,2020-06-26T00:33:17Z
r1dw7x0g7,0.0,0.3939393939393939,0.0293939393939393,0.4839393939393939,0.0815151515151515,0.0,2020-06-26T00:33:41Z
r1dw7x0g7,0.0,0.5806451612903226,0.1851612903225806,0.2199999999999999,0.0135483870967741,0.0606060606060605,2020-07-04T00:04:30Z
r1dw7x0g7,0.0,1.0,0.0,0.0,0.0,0.9090909090909092,2020-07-12T00:33:24Z
r1dw7x0g7,0.0,1.0,0.0,0.0,0.0,0.9090909090909092,2020-07-12T00:33:48Z
r1dw7x0g7,0.0,0.1818181818181818,0.0106060606060606,0.6309090909090909,0.166060606060606,0.0,2020-07-20T00:03:32Z
r1dw7x0g7,,,,,,1.0,2020-07-28T00:33:29Z
r1dw7x0g7,,,,,,1.0,2020-07-28T00:33:53Z
r1dw7x0g7,0.0,0.0967741935483871,0.0019354838709677,0.6374193548387096,0.2548387096774193,0.0606060606060605,2020-08-05T00:02:32Z
r1dw7x0g7,,,,,,1.0,2020-08-13T00:33:56Z
r1dw7x0g7,0.0,0.0,0.0393939393939394,0.6796969696969697,0.2593939393939394,0.0,2020-08-29T00:33:41Z
r1dw7x0g7,0.0,0.0,0.0393939393939394,0.6796969696969697,0.2593939393939394,0.0,2020-08-29T00:34:05Z
r1dw7x0g7,,,,,,1.0,2020-09-21T23:59:24Z
r1dw7x0g7,0.0,0.0,0.19,0.77,0.03,0.9696969696969696,2020-09-30T00:33:52Z
r1dw7x0g7,0.0,0.0,0.19,0.77,0.03,0.9696969696969696,2020-09-30T00:34:16Z
r1dw7x0g7,,,,,,1.0,2020-10-07T23:58:23Z
r1dw7x0g7,0.0,0.0,0.0587878787878787,0.7012121212121212,0.22,0.0,2020-11-01T00:33:52Z
r1dw7x0g7,0.0,0.0,0.0587878787878787,0.7012121212121212,0.22,0.0,2020-11-01T00:34:16Z
r1dw7x0g7,,,,,,1.0,2020-11-08T23:56:16Z
r1dw7x0g7,0.0,0.0,0.076060606060606,0.6042424242424242,0.3012121212121212,0.0,2020-11-17T00:33:51Z
r1dw7x0g7,0.0,0.0,0.076060606060606,0.6042424242424242,0.3012121212121212,0.0,2020-11-17T00:34:15Z
r1dw7x0g7,0.0,0.0,0.0293939393939393,0.5227272727272727,0.4342424242424242,0.0,2020-11-24T23:55:09Z
r1dw7x0g7,0.0,0.0,0.0909090909090909,0.4642424242424242,0.4275757575757575,0.0,2020-12-03T00:33:54Z
r1dw7x0g7,0.0,0.0,0.0909090909090909,0.4642424242424242,0.4275757575757575,0.0,2020-12-03T00:34:18Z
r1dw7x0g7,0.0,0.0,0.0848484848484848,0.4209090909090909,0.4799999999999999,0.0,2020-12-10T23:53:58Z
r1dw7x0g7,,,,,,1.0,2020-12-19T00:33:53Z
r1dw7x0g7,,,,,,1.0,2020-12-19T00:34:17Z
r1dw7x0g7,,,,,,1.0,2021-01-04T00:33:49Z
r1dw7x0g7,,,,,,1.0,2021-01-11T23:51:40Z
r1dw7x0g7,0.0,0.0,0.0942424242424242,0.4239393939393939,0.4663636363636363,0.0,2021-01-20T00:33:42Z
r1dw7x0g7,0.0,0.0,0.0942424242424242,0.4239393939393939,0.4663636363636363,0.0,2021-01-20T00:34:06Z
r1dw7x0g7,,,,,,1.0,2021-01-27T23:50:31Z
r1dw7x0g7,,,,,,1.0,2021-02-05T00:33:40Z
r1dw7x0g7,,,,,,1.0,2021-02-05T00:34:04Z
r1dw7x0g7,,,,,,1.0,2021-02-12T23:49:20Z
r1dw7x0g7,,,,,,1.0,2021-02-21T00:33:36Z
r1dw7x0g7,,,,,,1.0,2021-02-21T00:34:00Z
r1dw7x0g7,,,,,,1.0,2021-02-28T23:48:07Z
r1dw7x0g7,,,,,,1.0,2021-03-09T00:33:28Z
r1dw7x0g7,,,,,,1.0,2021-03-09T00:33:52Z
r1dw7x0g7,0.0,0.0,0.0303030303030303,0.486060606060606,0.4733333333333333,0.0,2021-03-16T23:46:52Z
r1dw7x0g7,0.0,0.0,0.57,0.3333333333333333,0.0766666666666666,0.9090909090909092,2021-03-25T00:33:21Z
r1dw7x0g7,0.0,0.0,0.57,0.3333333333333333,0.0766666666666666,0.9090909090909092,2021-03-25T00:33:45Z
r1dw7x0g7,0.0,0.0,0.0304166666666666,0.4783333333333333,0.48125,0.2727272727272727,2021-04-01T23:45:34Z
r1dw7x0g7,,,,,,1.0,2021-04-10T00:33:17Z
r1dw7x0g7,,,,,,1.0,2021-04-10T00:33:41Z
r1dw7x0g7,,,,,,1.0,2021-04-17T23:44:14Z
r1dw7x0g7,0.0,0.75,0.1,0.0825,0.0625,0.8787878787878788,2021-04-26T00:33:09Z
r1dw7x0g7,0.0,0.75,0.1,0.0825,0.0625,0.8787878787878788,2021-04-26T00:33:33Z
r1dw7x0g7,0.0,0.0434782608695652,0.0382608695652174,0.5808695652173913,0.3243478260869565,0.303030303030303,2021-05-03T23:42:53Z
r1dw7x0g7,,,,,,1.0,2021-05-12T00:33:06Z
r1dw7x0g7,,,,,,1.0,2021-05-12T00:33:30Z
r1dw7x0g7,,,,,,1.0,2021-05-28T00:33:16Z
r1dw7x0g7,,,,,,1.0,2021-05-28T00:33:40Z
r1dw7x0g7,,,,,,1.0,2021-06-04T23:40:10Z
r1dw7x0g7,0.0,0.0,0.1851724137931034,0.5424137931034483,0.2541379310344827,0.1212121212121212,2021-06-13T00:33:23Z
r1dw7x0g7,0.0,0.0,0.1851724137931034,0.5424137931034483,0.2541379310344827,0.1212121212121212,2021-06-13T00:33:46Z
r1dw7x0g7,0.0,0.0,0.0772727272727272,0.5248484848484849,0.3839393939393938,0.0,2021-06-20T23:38:52Z
r1dw7x0g7,0.0,0.0,0.0809090909090909,0.5675757575757576,0.3351515151515151,0.0,2021-06-29T00:33:26Z
r1dw7x0g7,0.0,0.0,0.0809090909090909,0.5675757575757576,0.3351515151515151,0.0,2021-06-29T00:33:50Z
r1dw7x0g7,0.0,0.7,0.0725,0.0965,0.1275,0.3939393939393939,2021-07-06T23:37:32Z
r1dw7x0g7,,,,,,1.0,2021-07-15T00:33:28Z
r1dw7x0g7,,,,,,1.0,2021-07-15T00:33:52Z
r1dw7x0g7,0.0909090909090909,0.5757575757575758,0.1736363636363636,0.1203030303030303,0.0393939393939393,0.0,2021-07-22T23:36:10Z
r1dw7x0g7,,,,,,1.0,2021-07-31T00:33:36Z
r1dw7x0g7,0.0,0.0357142857142857,0.0096428571428571,0.6775000000000001,0.2692857142857143,0.1515151515151515,2021-08-07T23:34:45Z
r1dw7x0g7,,,,,,1.0,2021-08-16T00:33:42Z
r1dw7x0g7,,,,,,1.0,2021-08-16T00:34:06Z
r1dw7x0g7,0.0,1.0,0.0,0.0,0.0,0.0,2021-08-23T23:33:21Z
r1dw7x0g7,0.0,0.0,0.059090909090909,0.687878787878788,0.2315151515151514,0.0,2021-09-01T00:33:47Z
r1dw7x0g7,0.0,0.0,0.059090909090909,0.687878787878788,0.2315151515151514,0.0,2021-09-01T00:34:11Z
r1dw7x0g7,0.0,0.0,0.0177777777777777,0.7438888888888888,0.2255555555555556,0.4545454545454546,2021-09-08T23:31:58Z
r1dw7x0g7,0.0,0.0,0.0581818181818181,0.6951515151515152,0.2254545454545454,0.0,2021-09-17T00:33:50Z
r1dw7x0g7,0.0,0.0,0.0581818181818181,0.6951515151515152,0.2254545454545454,0.0,2021-09-17T00:34:14Z
r1dw7x0g7,,,,,,1.0,2021-09-24T23:30:32Z
r1dw7x0g7,0.0555555555555555,0.7777777777777778,0.0222222222222222,0.1188888888888888,0.0233333333333333,0.4545454545454546,2021-10-03T00:33:55Z
r1dw7x0g7,0.0,0.0,0.0552380952380952,0.7138095238095238,0.2152380952380952,0.3636363636363636,2021-10-10T23:29:07Z
r1dw7x0g7,0.0,0.0,0.0666666666666666,0.6496969696969697,0.2642424242424243,0.0,2021-10-19T00:33:59Z
r1dw7x0g7,0.0,0.0,0.0666666666666666,0.6496969696969697,0.2642424242424243,0.0,2021-10-19T00:34:23Z
r1dw7x0g7,,,,,,1.0,2021-10-26T23:27:40Z
r1dw7x0g7,0.0,0.0,0.122,0.627,0.233,0.696969696969697,2021-11-04T00:33:58Z
r1dw7x0g7,0.0,0.0,0.122,0.627,0.233,0.696969696969697,2021-11-04T00:34:22Z
r1dw7x0g7,0.0,0.0,0.0076,0.6559999999999999,0.322,0.2424242424242424,2021-11-27T23:24:37Z
r1dw7x0g7,0.0,0.0,0.0539393939393939,0.5875757575757575,0.3387878787878787,0.0,2021-12-06T00:33:55Z
r1dw7x0g7,0.0,0.0,0.0539393939393939,0.5875757575757575,0.3387878787878787,0.0,2021-12-06T00:34:19Z
r1dw7x0g7,0.0,0.0,0.036060606060606,0.5403030303030303,0.4042424242424242,0.0,2021-12-13T23:23:06Z
r1dw7x0g7,,,,,,1.0,2021-12-22T00:33:52Z
r1dw7x0g7,,,,,,1.0,2021-12-22T00:34:16Z
r1dw7x0g7,0.0,0.0,0.0708333333333333,0.44125,0.4720833333333332,0.2727272727272727,2021-12-29T23:21:32Z
r1dw7x0g7,,,,,,1.0,2022-01-14T23:19:59Z
r1dw7x0g7,0.0,0.0,0.061,0.4666666666666667,0.4583333333333333,0.0909090909090909,2022-01-30T23:18:26Z
r1dw7x0g7,,,,,,1.0,2022-02-08T00:33:40Z
r1dw7x0g7,,,,,,1.0,2022-02-08T00:34:04Z
r1dw7x0g7,0.0,0.0,0.0909090909090909,0.4984848484848485,0.3942424242424242,0.0,2022-02-24T00:33:35Z
r1dw7x0g7,0.0,0.0,0.0909090909090909,0.4984848484848485,0.3942424242424242,0.0,2022-02-24T00:33:59Z
r1dw7x0g7,0.0,0.0,0.0709090909090909,0.4860606060606059,0.426060606060606,0.0,2022-03-12T00:33:31Z
r1dw7x0g7,0.0,0.0,0.0709090909090909,0.4860606060606059,0.426060606060606,0.0,2022-03-12T00:33:55Z
r1dw7x0g7,,,,,,1.0,2022-03-19T23:13:39Z
r1dw7x0g7,0.0,0.0,0.0751515151515151,0.4996969696969697,0.4106060606060606,0.0,2022-03-28T00:33:19Z
r1dw7x0g7,0.0,0.0,0.0751515151515151,0.4996969696969697,0.4106060606060606,0.0,2022-03-28T00:33:43Z
r1dw7x0g7,,,,,,1.0,2022-04-04T23:12:07Z
r1dw7x0g7,0.0,0.0,0.0784848484848484,0.5221212121212121,0.3818181818181818,0.0,2022-04-13T00:33:23Z
r1dw7x0g7,0.0,0.0,0.0784848484848484,0.5221212121212121,0.3818181818181818,0.0,2022-04-13T00:33:47Z
r1dw7x0g7,,,,,,1.0,2022-04-29T00:33:18Z
r1dw7x0g7,0.0,1.0,0.0,0.0,0.0,0.1515151515151515,2022-05-15T00:33:29Z
r1dw7x0g7,0.0,1.0,0.0,0.0,0.0,0.1515151515151515,2022-05-15T00:33:53Z
r1dw7x0g7,0.0,1.0,0.0,0.0,0.0,0.8484848484848485,2022-05-31T00:33:32Z
r1dw7x0g7,0.0,1.0,0.0,0.0,0.0,0.8484848484848485,2022-05-31T00:33:56Z
r1dw7x0g7,,,,,,1.0,2022-06-16T00:33:44Z
r1dw7x0g7,,,,,,1.0,2022-06-16T00:34:08Z
r1dw7x0g7,0.0,0.0,0.1931578947368421,0.5968421052631578,0.1952631578947368,0.4242424242424242,2022-07-02T00:33:48Z
r1dw7x0g7,0.0,0.0,0.1931578947368421,0.5968421052631578,0.1952631578947368,0.4242424242424242,2022-07-02T00:34:12Z
r1dw7x0g7,0.0,1.0,0.0,0.0,0.0,0.8484848484848485,2022-07-18T00:33:48Z
r1dw7x0g7,0.0,1.0,0.0,0.0,0.0,0.8484848484848485,2022-07-18T00:34:12Z
r1dw7x0g7,0.0,0.0,0.0475757575757575,0.6566666666666666,0.2766666666666666,0.0,2022-08-03T00:34:00Z
r1dw7x0g7,0.0,0.0,0.0475757575757575,0.6566666666666666,0.2766666666666666,0.0,2022-08-03T00:34:24Z
r1dw7x0g7,,,,,,1.0,2022-08-19T00:34:05Z
r1dw7x0g7,,,,,,1.0,2022-08-19T00:34:29Z
r1dw7x0g7,,,,,,1.0,2022-09-04T00:34:05Z
r1dw7x0g7,,,,,,1.0,2022-09-04T00:34:29Z
r1dw7x0g7,0.0,0.1212121212121212,0.0481818181818181,0.6784848484848486,0.1351515151515151,0.0,2022-10-06T00:34:09Z
r1dw7x0g7,0.0,0.1818181818181818,0.0466666666666666,0.6315151515151516,0.1239393939393939,0.0,2022-10-06T00:34:33Z
r1dw7x0g7,,,,,,1.0,2022-10-22T00:34:08Z
r1dw7x0g7,,,,,,1.0,2022-10-22T00:34:32Z
r1dw7x0g7,0.0,0.0,0.0578787878787878,0.6375757575757577,0.2872727272727273,0.0,2022-11-07T00:34:11Z
r1dw7x0g7,0.0,0.0,0.0578787878787878,0.6375757575757577,0.2872727272727273,0.0,2022-11-07T00:34:35Z
r1dw7x0g7,,,,,,1.0,2022-11-23T00:34:06Z
r1dw7x0g7,,,,,,1.0,2022-11-23T00:34:30Z
r1dw7x0g7,0.0,0.0,0.0933333333333333,0.5969696969696968,0.2893939393939395,0.0,2022-12-09T00:34:29Z
r1dw7x0g7,0.0,0.0,0.0609090909090909,0.576060606060606,0.3457575757575757,0.0,2022-12-25T00:33:56Z
r1dw7x0g7,0.0,0.0,0.0609090909090909,0.576060606060606,0.3457575757575757,0.0,2022-12-25T00:34:20Z
r1dw7x0g7,0.0,0.0,0.08,0.5324242424242424,0.3690909090909091,0.0,2023-01-10T00:33:56Z
r1dw7x0g7,0.0,0.0,0.08,0.5324242424242424,0.3690909090909091,0.0,2023-01-10T00:34:20Z
r1dw7x0g7,,,,,,1.0,2023-01-26T00:34:19Z
r1dw7x0g7,0.0,0.0,0.155,0.5075000000000001,0.325,0.8787878787878788,2023-02-11T00:33:52Z
r1dw7x0g7,,,,,,1.0,2023-02-27T00:33:37Z
r1dw7x0g7,,,,,,1.0,2023-02-27T00:34:00Z
r1dw7x0g7,,,,,,1.0,2023-03-15T00:33:31Z
r1dw7x0g7,,,,,,1.0,2023-03-15T00:33:55Z
r1dw7x0g7,0.0,0.0,0.313,0.292,0.379,0.696969696969697,2023-03-31T00:33:20Z
r1dw7x0g7,0.0,0.0,0.313,0.292,0.379,0.696969696969697,2023-03-31T00:33:44Z
r1dw7x0g7,0.0,0.0,0.0563636363636363,0.6487878787878788,0.2754545454545455,0.0,2023-04-16T00:33:06Z
r1dw7x0g7,0.0,0.0,0.0563636363636363,0.6487878787878788,0.2754545454545455,0.0,2023-04-16T00:33:30Z
r1dw7x0g7,0.0,0.1212121212121212,0.1663636363636363,0.5918181818181818,0.1057575757575757,0.0,2023-05-02T00:33:01Z
r1dw7x0g7,0.0,0.1212121212121212,0.1663636363636363,0.5918181818181818,0.1057575757575757,0.0,2023-05-02T00:33:25Z
r1dw7x0g7,0.0,0.0303030303030303,0.0515151515151515,0.6842424242424242,0.2145454545454545,0.0,2023-06-03T00:32:53Z
r1dw7x0g7,0.0,0.0303030303030303,0.0515151515151515,0.6842424242424242,0.2145454545454545,0.0,2023-06-03T00:33:17Z
r1dw7x0g7,0.0,0.0303030303030303,0.0639393939393939,0.6603030303030303,0.2257575757575758,0.0,2023-06-19T00:33:01Z
r1dw7x0g7,0.0,0.0303030303030303,0.0639393939393939,0.6603030303030303,0.2257575757575758,0.0,2023-06-19T00:33:25Z
r1dw7x0g7,,,,,,1.0,2023-07-05T00:33:12Z
r1dw7x0g7,,,,,,1.0,2023-07-05T00:33:36Z
r1dw7x0g7,0.0,0.0,0.0439393939393939,0.670909090909091,0.2648484848484848,0.0,2023-07-21T00:33:15Z
r1dw7x0g7,0.0,0.0,0.0439393939393939,0.670909090909091,0.2648484848484848,0.0,2023-07-21T00:33:39Z
r1dw7x0g7,,,,,,1.0,2023-08-06T00:33:25Z
r1dw7x0g7,,,,,,1.0,2023-08-06T00:33:49Z
r1dw7x0g7,0.0,1.0,0.0,0.0,0.0,0.6060606060606061,2023-08-22T00:33:32Z
r1dw7x0g7,0.0,1.0,0.0,0.0,0.0,0.6060606060606061,2023-08-22T00:33:56Z
r1dw7x0g7,0.0,0.0,0.0409090909090909,0.7233333333333334,0.2136363636363636,0.0,2023-09-23T00:33:37Z
r1dw7x0g7,0.0,0.0,0.0409090909090909,0.7233333333333334,0.2136363636363636,0.0,2023-09-23T00:34:01Z
r1dw7x0g7,0.0,0.0,0.0481818181818181,0.71,0.2212121212121212,0.0,2023-10-09T00:34:06Z
r1dw7x0g7,,,,,,1.0,2023-10-25T00:33:45Z
r1dw7x0g7,,,,,,1.0,2023-10-25T00:34:09Z
r1dw7x0g7,0.0,0.0,0.0612121212121212,0.5909090909090908,0.3293939393939394,0.0,2023-11-10T00:33:40Z
r1dw7x0g7,0.0,0.0,0.0612121212121212,0.5909090909090908,0.3293939393939394,0.0,2023-11-10T00:34:04Z
r1dw7x0g7,,,,,,1.0,2023-12-28T00:33:44Z
r1dw7x0g7,,,,,,1.0,2023-12-28T00:34:08Z
r1dw7x0g7,,,,,,1.0,2024-01-13T00:33:41Z
r1dw7x0g7,,,,,,1.0,2024-01-13T00:34:05Z
r1dw7x0g7,,,,,,1.0,2024-01-29T00:33:35Z
r1dw7x0g7,,,,,,1.0,2024-01-29T00:33:59Z
